county,last_updated,cases,deaths,recovered,state,source
New York,2020-03-26T19:54:00Z,21873,281,0,New York,csbs
Westchester,2020-03-26T19:54:00Z,5944,1,0,New York,csbs
Nassau,2020-03-26T19:54:00Z,3914,17,0,New York,csbs
Suffolk,2020-03-26T19:54:00Z,2735,22,0,New York,csbs
Rockland,2020-03-26T19:54:00Z,1197,5,0,New York,csbs
Orange,2020-03-26T19:54:00Z,751,1,0,New York,csbs
Erie,2020-03-26T19:54:00Z,206,2,0,New York,csbs
Dutchess,2020-03-26T19:54:00Z,190,1,0,New York,csbs
Albany,2020-03-26T19:54:00Z,171,0,0,New York,csbs
Monroe,2020-03-26T19:54:00Z,148,4,0,New York,csbs
Onondaga,2020-03-26T19:54:00Z,111,1,0,New York,csbs
Putnam,2020-03-26T19:54:00Z,94,0,0,New York,csbs
Ulster,2020-03-26T19:54:00Z,78,0,0,New York,csbs
Saratoga,2020-03-26T19:54:00Z,73,0,0,New York,csbs
Schenectady,2020-03-26T19:54:00Z,62,1,0,New York,csbs
Sullivan,2020-03-26T19:54:00Z,53,0,0,New York,csbs
Rensselaer,2020-03-26T19:54:00Z,44,0,0,New York,csbs
Tompkins,2020-03-26T19:54:00Z,32,0,0,New York,csbs
Columbia,2020-03-26T19:54:00Z,24,0,0,New York,csbs
Broome,2020-03-26T19:54:00Z,16,2,0,New York,csbs
Niagara,2020-03-26T19:54:00Z,14,0,0,New York,csbs
Oneida,2020-03-26T19:54:00Z,13,0,0,New York,csbs
Ontario,2020-03-26T19:54:00Z,11,0,0,New York,csbs
Clinton,2020-03-26T19:54:00Z,11,0,0,New York,csbs
Steuben,2020-03-26T19:54:00Z,11,0,0,New York,csbs
Madison,2020-03-26T19:54:00Z,9,1,0,New York,csbs
Wayne,2020-03-26T19:54:00Z,8,0,0,New York,csbs
Delaware,2020-03-26T19:54:00Z,7,0,0,New York,csbs
Herkimer,2020-03-26T19:54:00Z,7,0,0,New York,csbs
Wyoming,2020-03-26T19:54:00Z,7,1,0,New York,csbs
Chemung,2020-03-26T19:54:00Z,7,0,0,New York,csbs
Greene,2020-03-26T19:54:00Z,5,0,0,New York,csbs
Montgomery,2020-03-26T19:54:00Z,5,0,0,New York,csbs
Essex,2020-03-26T19:54:00Z,5,0,0,New York,csbs
Genesee,2020-03-26T19:54:00Z,4,0,0,New York,csbs
Washington,2020-03-26T19:54:00Z,4,0,0,New York,csbs
Jefferson,2020-03-26T19:54:00Z,4,0,0,New York,csbs
Oswego,2020-03-26T19:54:00Z,4,0,0,New York,csbs
St. Lawrence,2020-03-26T19:54:00Z,4,0,0,New York,csbs
Chenango,2020-03-26T19:54:00Z,3,0,0,New York,csbs
Livingston,2020-03-26T19:54:00Z,3,0,0,New York,csbs
Cortland,2020-03-26T19:54:00Z,3,0,0,New York,csbs
Otsego,2020-03-26T19:54:00Z,3,0,0,New York,csbs
Tioga,2020-03-26T19:54:00Z,2,0,0,New York,csbs
Allegany,2020-03-26T19:54:00Z,2,0,0,New York,csbs
Warren,2020-03-26T19:54:00Z,2,0,0,New York,csbs
Hamilton,2020-03-26T19:54:00Z,2,0,0,New York,csbs
Schoharie,2020-03-26T19:54:00Z,2,0,0,New York,csbs
Cayuga,2020-03-26T19:54:00Z,2,0,0,New York,csbs
Chautauqua,2020-03-26T19:54:00Z,2,0,0,New York,csbs
Orleans,2020-03-26T19:54:00Z,2,0,0,New York,csbs
Fulton,2020-03-26T19:54:00Z,1,0,0,New York,csbs
Franklin,2020-03-26T19:54:00Z,1,0,0,New York,csbs
Bergen,2020-03-26T19:54:00Z,1206,6,0,New Jersey,csbs
Essex,2020-03-26T19:54:00Z,609,4,0,New Jersey,csbs
Middlesex,2020-03-26T19:54:00Z,505,0,0,New Jersey,csbs
Monmouth,2020-03-26T19:54:00Z,501,3,0,New Jersey,csbs
Hudson,2020-03-26T19:54:00Z,441,1,0,New Jersey,csbs
Union,2020-03-26T19:54:00Z,432,0,0,New Jersey,csbs
Passaic,2020-03-26T19:54:00Z,399,0,0,New Jersey,csbs
Ocean,2020-03-26T19:54:00Z,389,1,0,New Jersey,csbs
Morris,2020-03-26T19:54:00Z,315,1,0,New Jersey,csbs
Somerset,2020-03-26T19:54:00Z,179,1,0,New Jersey,csbs
Mercer,2020-03-26T19:54:00Z,111,0,0,New Jersey,csbs
Camden,2020-03-26T19:54:00Z,73,1,0,New Jersey,csbs
Burlington,2020-03-26T19:54:00Z,64,0,0,New Jersey,csbs
Sussex,2020-03-26T19:54:00Z,49,0,0,New Jersey,csbs
Hunterdon,2020-03-26T19:54:00Z,39,0,0,New Jersey,csbs
Gloucester,2020-03-26T19:54:00Z,33,0,0,New Jersey,csbs
Warren,2020-03-26T19:54:00Z,31,0,0,New Jersey,csbs
Atlantic,2020-03-26T19:54:00Z,10,0,0,New Jersey,csbs
Cape May,2020-03-26T19:54:00Z,6,0,0,New Jersey,csbs
Cumberland,2020-03-26T19:54:00Z,4,0,0,New Jersey,csbs
Salem,2020-03-26T19:54:00Z,2,0,0,New Jersey,csbs
Los Angeles,2020-03-26T19:54:00Z,1230,21,0,California,csbs
Santa Clara,2020-03-26T19:54:00Z,542,19,0,California,csbs
San Diego,2020-03-26T19:54:00Z,293,3,0,California,csbs
Orange,2020-03-26T19:54:00Z,256,1,0,California,csbs
San Francisco,2020-03-26T19:54:00Z,223,2,0,California,csbs
San Mateo,2020-03-26T19:54:00Z,195,5,0,California,csbs
Alameda,2020-03-26T19:54:00Z,178,4,0,California,csbs
Contra Costa,2020-03-26T19:54:00Z,131,1,0,California,csbs
Sacramento,2020-03-26T19:54:00Z,113,5,0,California,csbs
Riverside,2020-03-26T19:54:00Z,107,8,0,California,csbs
San Joaquin,2020-03-26T19:54:00Z,78,3,0,California,csbs
Marin,2020-03-26T19:54:00Z,60,0,0,California,csbs
San Luis Obispo,2020-03-26T19:54:00Z,54,0,0,California,csbs
San Bernardino,2020-03-26T19:54:00Z,54,2,0,California,csbs
Ventura,2020-03-26T19:54:00Z,50,1,0,California,csbs
Sonoma,2020-03-26T19:54:00Z,37,1,0,California,csbs
Solano,2020-03-26T19:54:00Z,31,0,0,California,csbs
Placer,2020-03-26T19:54:00Z,30,1,0,California,csbs
Kern,2020-03-26T19:54:00Z,29,0,0,California,csbs
Santa Barbara,2020-03-26T19:54:00Z,26,0,0,California,csbs
Santa Cruz,2020-03-26T19:54:00Z,25,0,0,California,csbs
Monterey,2020-03-26T19:54:00Z,24,1,0,California,csbs
Fresno,2020-03-26T19:54:00Z,19,0,0,California,csbs
Tulare,2020-03-26T19:54:00Z,18,0,0,California,csbs
Stanislaus,2020-03-26T19:54:00Z,13,0,0,California,csbs
Yolo,2020-03-26T19:54:00Z,11,1,0,California,csbs
Humboldt,2020-03-26T19:54:00Z,10,0,0,California,csbs
San Benito,2020-03-26T19:54:00Z,9,1,0,California,csbs
Imperial,2020-03-26T19:54:00Z,9,0,0,California,csbs
Madera,2020-03-26T19:54:00Z,7,0,0,California,csbs
Nevada,2020-03-26T19:54:00Z,7,0,0,California,csbs
Napa,2020-03-26T19:54:00Z,6,0,0,California,csbs
Butte,2020-03-26T19:54:00Z,5,0,0,California,csbs
Mono,2020-03-26T19:54:00Z,4,0,0,California,csbs
Shasta,2020-03-26T19:54:00Z,3,1,0,California,csbs
Calaveras,2020-03-26T19:54:00Z,3,0,0,California,csbs
El Dorado,2020-03-26T19:54:00Z,3,0,0,California,csbs
Siskiyou,2020-03-26T19:54:00Z,3,0,0,California,csbs
Yuba,2020-03-26T19:54:00Z,3,0,0,California,csbs
Mendocino,2020-03-26T19:54:00Z,2,0,0,California,csbs
Amador,2020-03-26T19:54:00Z,2,0,0,California,csbs
Merced,2020-03-26T19:54:00Z,2,0,0,California,csbs
Inyo,2020-03-26T19:54:00Z,2,0,0,California,csbs
Sutter,2020-03-26T19:54:00Z,2,0,0,California,csbs
King,2020-03-26T19:54:00Z,1577,109,0,Washington,csbs
Snohomish,2020-03-26T19:54:00Z,778,18,0,Washington,csbs
Pierce,2020-03-26T19:54:00Z,186,4,0,Washington,csbs
Whatcom,2020-03-26T19:54:00Z,86,4,0,Washington,csbs
Skagit,2020-03-26T19:54:00Z,78,1,0,Washington,csbs
Spokane,2020-03-26T19:54:00Z,67,0,0,Washington,csbs
Island,2020-03-26T19:54:00Z,64,1,0,Washington,csbs
Yakima,2020-03-26T19:54:00Z,61,2,0,Washington,csbs
Clark,2020-03-26T19:54:00Z,48,5,0,Washington,csbs
Grant,2020-03-26T19:54:00Z,33,1,0,Washington,csbs
Kitsap,2020-03-26T19:54:00Z,33,0,0,Washington,csbs
Thurston,2020-03-26T19:54:00Z,24,0,0,Washington,csbs
Benton,2020-03-26T19:54:00Z,19,4,0,Washington,csbs
Jefferson,2020-03-26T19:54:00Z,11,0,0,Washington,csbs
Chelan,2020-03-26T19:54:00Z,10,1,0,Washington,csbs
Kittitas,2020-03-26T19:54:00Z,8,0,0,Washington,csbs
Cowlitz,2020-03-26T19:54:00Z,7,0,0,Washington,csbs
Klickitat,2020-03-26T19:54:00Z,7,0,0,Washington,csbs
Franklin,2020-03-26T19:54:00Z,7,0,0,Washington,csbs
Lewis,2020-03-26T19:54:00Z,5,0,0,Washington,csbs
Clallam,2020-03-26T19:54:00Z,5,0,0,Washington,csbs
Douglas,2020-03-26T19:54:00Z,5,0,0,Washington,csbs
Whitman,2020-03-26T19:54:00Z,3,0,0,Washington,csbs
Adams,2020-03-26T19:54:00Z,3,0,0,Washington,csbs
Mason,2020-03-26T19:54:00Z,2,0,0,Washington,csbs
Walla Walla,2020-03-26T19:54:00Z,2,0,0,Washington,csbs
Stevens,2020-03-26T19:54:00Z,2,0,0,Washington,csbs
San Juan,2020-03-26T19:54:00Z,2,0,0,Washington,csbs
Grays Harbor,2020-03-26T19:54:00Z,1,0,0,Washington,csbs
Columbia,2020-03-26T19:54:00Z,1,0,0,Washington,csbs
Lincoln,2020-03-26T19:54:00Z,1,0,0,Washington,csbs
Ferry,2020-03-26T19:54:00Z,1,0,0,Washington,csbs
Okanogan,2020-03-26T19:54:00Z,1,0,0,Washington,csbs
Wayne,2020-03-26T19:54:00Z,1389,26,0,Michigan,csbs
Oakland,2020-03-26T19:54:00Z,668,15,0,Michigan,csbs
Macomb,2020-03-26T19:54:00Z,347,11,0,Michigan,csbs
Washtenaw,2020-03-26T19:54:00Z,92,3,0,Michigan,csbs
Genesee,2020-03-26T19:54:00Z,63,2,0,Michigan,csbs
Kent,2020-03-26T19:54:00Z,41,1,0,Michigan,csbs
Ingham,2020-03-26T19:54:00Z,22,0,0,Michigan,csbs
Monroe,2020-03-26T19:54:00Z,21,0,0,Michigan,csbs
Livingston,2020-03-26T19:54:00Z,21,1,0,Michigan,csbs
Ottawa,2020-03-26T19:54:00Z,18,0,0,Michigan,csbs
Jackson,2020-03-26T19:54:00Z,17,0,0,Michigan,csbs
St. Clair,2020-03-26T19:54:00Z,13,0,0,Michigan,csbs
Other,2020-03-26T19:54:00Z,13,0,0,Michigan,csbs
Berrien,2020-03-26T19:54:00Z,11,0,0,Michigan,csbs
Saginaw,2020-03-26T19:54:00Z,10,0,0,Michigan,csbs
Kalamazoo,2020-03-26T19:54:00Z,10,0,0,Michigan,csbs
Otsego,2020-03-26T19:54:00Z,7,0,0,Michigan,csbs
Clinton,2020-03-26T19:54:00Z,7,0,0,Michigan,csbs
Out of State,2020-03-26T19:54:00Z,7,0,0,Michigan,csbs
Calhoun,2020-03-26T19:54:00Z,7,0,0,Michigan,csbs
Midland,2020-03-26T19:54:00Z,6,0,0,Michigan,csbs
Hillsdale,2020-03-26T19:54:00Z,5,0,0,Michigan,csbs
Lenawee,2020-03-26T19:54:00Z,5,0,0,Michigan,csbs
Bay,2020-03-26T19:54:00Z,4,0,0,Michigan,csbs
Charlevoix,2020-03-26T19:54:00Z,4,0,0,Michigan,csbs
Eaton,2020-03-26T19:54:00Z,4,0,0,Michigan,csbs
Montcalm,2020-03-26T19:54:00Z,3,0,0,Michigan,csbs
Grand Traverse,2020-03-26T19:54:00Z,3,0,0,Michigan,csbs
Muskegon,2020-03-26T19:54:00Z,3,0,0,Michigan,csbs
Lapeer,2020-03-26T19:54:00Z,3,0,0,Michigan,csbs
Isabella,2020-03-26T19:54:00Z,3,0,0,Michigan,csbs
Tuscola,2020-03-26T19:54:00Z,2,1,0,Michigan,csbs
Gladwin,2020-03-26T19:54:00Z,2,0,0,Michigan,csbs
Emmet,2020-03-26T19:54:00Z,2,0,0,Michigan,csbs
Kalkaska,2020-03-26T19:54:00Z,2,0,0,Michigan,csbs
Van Buren,2020-03-26T19:54:00Z,2,0,0,Michigan,csbs
Ionia,2020-03-26T19:54:00Z,2,0,0,Michigan,csbs
Leelanau,2020-03-26T19:54:00Z,1,0,0,Michigan,csbs
Barry,2020-03-26T19:54:00Z,1,0,0,Michigan,csbs
Wexford,2020-03-26T19:54:00Z,1,0,0,Michigan,csbs
Clare,2020-03-26T19:54:00Z,1,0,0,Michigan,csbs
Allegan,2020-03-26T19:54:00Z,1,0,0,Michigan,csbs
Roscommon,2020-03-26T19:54:00Z,1,0,0,Michigan,csbs
Chippewa,2020-03-26T19:54:00Z,1,0,0,Michigan,csbs
Newaygo,2020-03-26T19:54:00Z,1,0,0,Michigan,csbs
Manistee,2020-03-26T19:54:00Z,1,0,0,Michigan,csbs
Marquette,2020-03-26T19:54:00Z,1,0,0,Michigan,csbs
Iosco,2020-03-26T19:54:00Z,1,0,0,Michigan,csbs
Sanilac,2020-03-26T19:54:00Z,1,0,0,Michigan,csbs
Oceana,2020-03-26T19:54:00Z,1,0,0,Michigan,csbs
Cass,2020-03-26T19:54:00Z,1,0,0,Michigan,csbs
Mecosta,2020-03-26T19:54:00Z,1,1,0,Michigan,csbs
Missaukee,2020-03-26T19:54:00Z,1,0,0,Michigan,csbs
Ogemaw,2020-03-26T19:54:00Z,1,0,0,Michigan,csbs
Shiawassee,2020-03-26T19:54:00Z,1,0,0,Michigan,csbs
Cook,2020-03-26T19:54:00Z,1418,18,0,Illinois,csbs
Lake,2020-03-26T19:54:00Z,139,0,0,Illinois,csbs
DuPage,2020-03-26T19:54:00Z,131,1,0,Illinois,csbs
Will,2020-03-26T19:54:00Z,40,3,0,Illinois,csbs
Kane,2020-03-26T19:54:00Z,38,1,0,Illinois,csbs
McHenry,2020-03-26T19:54:00Z,19,1,0,Illinois,csbs
Champaign,2020-03-26T19:54:00Z,10,0,0,Illinois,csbs
McLean,2020-03-26T19:54:00Z,8,1,0,Illinois,csbs
St. Clair,2020-03-26T19:54:00Z,7,0,0,Illinois,csbs
Winnebago,2020-03-26T19:54:00Z,7,0,0,Illinois,csbs
Kendall,2020-03-26T19:54:00Z,6,0,0,Illinois,csbs
Kankakee,2020-03-26T19:54:00Z,6,0,0,Illinois,csbs
Sangamon,2020-03-26T19:54:00Z,5,1,0,Illinois,csbs
Clinton,2020-03-26T19:54:00Z,4,0,0,Illinois,csbs
Peoria,2020-03-26T19:54:00Z,4,0,0,Illinois,csbs
Woodford,2020-03-26T19:54:00Z,3,0,0,Illinois,csbs
Madison,2020-03-26T19:54:00Z,3,0,0,Illinois,csbs
LaSalle,2020-03-26T19:54:00Z,3,0,0,Illinois,csbs
Rock Island,2020-03-26T19:54:00Z,3,0,0,Illinois,csbs
Monroe,2020-03-26T19:54:00Z,2,0,0,Illinois,csbs
Cumberland,2020-03-26T19:54:00Z,1,0,0,Illinois,csbs
Whiteside,2020-03-26T19:54:00Z,1,0,0,Illinois,csbs
Jackson,2020-03-26T19:54:00Z,1,0,0,Illinois,csbs
Washington,2020-03-26T19:54:00Z,1,0,0,Illinois,csbs
Adams,2020-03-26T19:54:00Z,1,0,0,Illinois,csbs
Christian,2020-03-26T19:54:00Z,1,0,0,Illinois,csbs
DeKalb,2020-03-26T19:54:00Z,1,0,0,Illinois,csbs
Jo Daviess,2020-03-26T19:54:00Z,1,0,0,Illinois,csbs
Stephenson,2020-03-26T19:54:00Z,1,0,0,Illinois,csbs
Livingston,2020-03-26T19:54:00Z,1,0,0,Illinois,csbs
Grundy,2020-03-26T19:54:00Z,1,0,0,Illinois,csbs
Douglas,2020-03-26T19:54:00Z,1,0,0,Illinois,csbs
Marshall,2020-03-26T19:54:00Z,1,0,0,Illinois,csbs
Logan,2020-03-26T19:54:00Z,1,0,0,Illinois,csbs
Middlesex,2020-03-26T19:54:00Z,538,4,0,Massachusetts,csbs
Suffolk,2020-03-26T19:54:00Z,448,2,0,Massachusetts,csbs
Norfolk,2020-03-26T19:54:00Z,292,2,0,Massachusetts,csbs
Essex,2020-03-26T19:54:00Z,247,2,0,Massachusetts,csbs
Worcester,2020-03-26T19:54:00Z,166,3,0,Massachusetts,csbs
Plymouth,2020-03-26T19:54:00Z,138,0,0,Massachusetts,csbs
Bristol,2020-03-26T19:54:00Z,90,0,0,Massachusetts,csbs
Berkshire,2020-03-26T19:54:00Z,73,0,0,Massachusetts,csbs
Barnstable,2020-03-26T19:54:00Z,67,1,0,Massachusetts,csbs
Hampden,2020-03-26T19:54:00Z,55,1,0,Massachusetts,csbs
Hampshire,2020-03-26T19:54:00Z,17,0,0,Massachusetts,csbs
Franklin,2020-03-26T19:54:00Z,16,1,0,Massachusetts,csbs
Dukes and Nantucket,2020-03-26T19:54:00Z,3,0,0,Massachusetts,csbs
Miami-Dade,2020-03-26T19:54:00Z,616,0,0,Florida,csbs
Broward,2020-03-26T19:54:00Z,504,3,0,Florida,csbs
Palm Beach,2020-03-26T19:54:00Z,169,3,0,Florida,csbs
Hillsborough,2020-03-26T19:54:00Z,142,1,0,Florida,csbs
Orange,2020-03-26T19:54:00Z,110,4,0,Florida,csbs
Duval,2020-03-26T19:54:00Z,74,3,0,Florida,csbs
Collier,2020-03-26T19:54:00Z,65,0,0,Florida,csbs
Pinellas,2020-03-26T19:54:00Z,64,1,0,Florida,csbs
Lee,2020-03-26T19:54:00Z,56,3,0,Florida,csbs
Alachua,2020-03-26T19:54:00Z,49,0,0,Florida,csbs
Osceola,2020-03-26T19:54:00Z,42,0,0,Florida,csbs
Seminole,2020-03-26T19:54:00Z,37,0,0,Florida,csbs
Sarasota,2020-03-26T19:54:00Z,34,1,0,Florida,csbs
St. Johns,2020-03-26T19:54:00Z,33,1,0,Florida,csbs
Volusia,2020-03-26T19:54:00Z,29,0,0,Florida,csbs
Manatee,2020-03-26T19:54:00Z,26,1,0,Florida,csbs
Lake,2020-03-26T19:54:00Z,25,0,0,Florida,csbs
Sumter,2020-03-26T19:54:00Z,24,0,0,Florida,csbs
Okaloosa,2020-03-26T19:54:00Z,21,0,0,Florida,csbs
Pasco,2020-03-26T19:54:00Z,19,1,0,Florida,csbs
Clay,2020-03-26T19:54:00Z,19,4,0,Florida,csbs
Escambia,2020-03-26T19:54:00Z,19,0,0,Florida,csbs
Polk,2020-03-26T19:54:00Z,17,0,0,Florida,csbs
Brevard,2020-03-26T19:54:00Z,13,0,0,Florida,csbs
Walton,2020-03-26T19:54:00Z,13,0,0,Florida,csbs
Indian River,2020-03-26T19:54:00Z,13,0,0,Florida,csbs
Monroe,2020-03-26T19:54:00Z,12,0,0,Florida,csbs
Putnam,2020-03-26T19:54:00Z,12,0,0,Florida,csbs
Citrus,2020-03-26T19:54:00Z,11,1,0,Florida,csbs
St. Lucie,2020-03-26T19:54:00Z,10,0,0,Florida,csbs
Leon,2020-03-26T19:54:00Z,9,1,0,Florida,csbs
Santa Rosa,2020-03-26T19:54:00Z,9,1,0,Florida,csbs
Hernando,2020-03-26T19:54:00Z,9,0,0,Florida,csbs
Martin,2020-03-26T19:54:00Z,8,0,0,Florida,csbs
Flagler,2020-03-26T19:54:00Z,7,0,0,Florida,csbs
Nassau,2020-03-26T19:54:00Z,5,0,0,Florida,csbs
Marion,2020-03-26T19:54:00Z,5,0,0,Florida,csbs
Baker,2020-03-26T19:54:00Z,5,0,0,Florida,csbs
Highlands,2020-03-26T19:54:00Z,5,0,0,Florida,csbs
Desoto,2020-03-26T19:54:00Z,5,0,0,Florida,csbs
Charlotte,2020-03-26T19:54:00Z,3,0,0,Florida,csbs
Bay,2020-03-26T19:54:00Z,3,0,0,Florida,csbs
Columbia,2020-03-26T19:54:00Z,3,0,0,Florida,csbs
Gadsden,2020-03-26T19:54:00Z,1,0,0,Florida,csbs
Jackson,2020-03-26T19:54:00Z,1,0,0,Florida,csbs
Bradford,2020-03-26T19:54:00Z,1,0,0,Florida,csbs
Orleans,2020-03-26T19:54:00Z,997,46,0,Louisiana,csbs
Jefferson,2020-03-26T19:54:00Z,458,12,0,Louisiana,csbs
Caddo,2020-03-26T19:54:00Z,115,1,0,Louisiana,csbs
East Baton Rouge,2020-03-26T19:54:00Z,105,4,0,Louisiana,csbs
Ascension,2020-03-26T19:54:00Z,91,1,0,Louisiana,csbs
St. Tammany,2020-03-26T19:54:00Z,89,1,0,Louisiana,csbs
St. John the Baptist,2020-03-26T19:54:00Z,38,2,0,Louisiana,csbs
Bossier,2020-03-26T19:54:00Z,32,0,0,Louisiana,csbs
Lafayette,2020-03-26T19:54:00Z,30,0,0,Louisiana,csbs
St. James,2020-03-26T19:54:00Z,29,1,0,Louisiana,csbs
Lafourche,2020-03-26T19:54:00Z,28,1,0,Louisiana,csbs
St. Bernard,2020-03-26T19:54:00Z,28,1,0,Louisiana,csbs
Rapides,2020-03-26T19:54:00Z,25,1,0,Louisiana,csbs
St. Charles,2020-03-26T19:54:00Z,22,2,0,Louisiana,csbs
Terrebonne,2020-03-26T19:54:00Z,21,0,0,Louisiana,csbs
Ouachita,2020-03-26T19:54:00Z,19,1,0,Louisiana,csbs
Iberville,2020-03-26T19:54:00Z,17,1,0,Louisiana,csbs
Calcasieu,2020-03-26T19:54:00Z,15,1,0,Louisiana,csbs
Plaquemines,2020-03-26T19:54:00Z,13,0,0,Louisiana,csbs
Livingston,2020-03-26T19:54:00Z,11,0,0,Louisiana,csbs
De Soto,2020-03-26T19:54:00Z,11,1,0,Louisiana,csbs
West Baton Rouge,2020-03-26T19:54:00Z,8,1,0,Louisiana,csbs
Webster,2020-03-26T19:54:00Z,8,1,0,Louisiana,csbs
Tangipahoa,2020-03-26T19:54:00Z,7,0,0,Louisiana,csbs
Avoyelles,2020-03-26T19:54:00Z,7,0,0,Louisiana,csbs
Washington,2020-03-26T19:54:00Z,6,1,0,Louisiana,csbs
St. Landry,2020-03-26T19:54:00Z,5,0,0,Louisiana,csbs
Assumption,2020-03-26T19:54:00Z,5,0,0,Louisiana,csbs
St. Mary,2020-03-26T19:54:00Z,5,0,0,Louisiana,csbs
Allen,2020-03-26T19:54:00Z,5,0,0,Louisiana,csbs
East Feliciana,2020-03-26T19:54:00Z,4,0,0,Louisiana,csbs
Acadia,2020-03-26T19:54:00Z,3,0,0,Louisiana,csbs
Iberia,2020-03-26T19:54:00Z,3,0,0,Louisiana,csbs
Beauregard,2020-03-26T19:54:00Z,3,0,0,Louisiana,csbs
Lincoln,2020-03-26T19:54:00Z,3,0,0,Louisiana,csbs
Morehouse,2020-03-26T19:54:00Z,3,0,0,Louisiana,csbs
Evangeline,2020-03-26T19:54:00Z,2,0,0,Louisiana,csbs
Claiborne,2020-03-26T19:54:00Z,2,0,0,Louisiana,csbs
Natchitoches,2020-03-26T19:54:00Z,2,0,0,Louisiana,csbs
St. Martin,2020-03-26T19:54:00Z,2,0,0,Louisiana,csbs
Vernon,2020-03-26T19:54:00Z,2,0,0,Louisiana,csbs
Union,2020-03-26T19:54:00Z,2,0,0,Louisiana,csbs
Catahoula,2020-03-26T19:54:00Z,1,1,0,Louisiana,csbs
Bienville,2020-03-26T19:54:00Z,1,1,0,Louisiana,csbs
Grant,2020-03-26T19:54:00Z,1,0,0,Louisiana,csbs
Richland,2020-03-26T19:54:00Z,1,0,0,Louisiana,csbs
Jackson,2020-03-26T19:54:00Z,1,0,0,Louisiana,csbs
Jefferson Davis,2020-03-26T19:54:00Z,1,0,0,Louisiana,csbs
Winn,2020-03-26T19:54:00Z,1,0,0,Louisiana,csbs
La Salle,2020-03-26T19:54:00Z,1,0,0,Louisiana,csbs
Pointe Coupee,2020-03-26T19:54:00Z,1,0,0,Louisiana,csbs
Vermilion,2020-03-26T19:54:00Z,1,0,0,Louisiana,csbs
Madison,2020-03-26T19:54:00Z,1,0,0,Louisiana,csbs
Philadelphia,2020-03-26T19:54:00Z,475,1,0,Pennsylvania,csbs
Montgomery,2020-03-26T19:54:00Z,313,3,0,Pennsylvania,csbs
Delaware,2020-03-26T19:54:00Z,156,2,0,Pennsylvania,csbs
Allegheny,2020-03-26T19:54:00Z,133,2,0,Pennsylvania,csbs
Bucks,2020-03-26T19:54:00Z,110,0,0,Pennsylvania,csbs
Chester,2020-03-26T19:54:00Z,84,0,0,Pennsylvania,csbs
Monroe,2020-03-26T19:54:00Z,67,2,0,Pennsylvania,csbs
Lehigh,2020-03-26T19:54:00Z,63,1,0,Pennsylvania,csbs
Northampton,2020-03-26T19:54:00Z,56,3,0,Pennsylvania,csbs
Luzerne,2020-03-26T19:54:00Z,36,1,0,Pennsylvania,csbs
Berks,2020-03-26T19:54:00Z,36,0,0,Pennsylvania,csbs
Lackawanna,2020-03-26T19:54:00Z,28,2,0,Pennsylvania,csbs
Westmoreland,2020-03-26T19:54:00Z,24,0,0,Pennsylvania,csbs
York,2020-03-26T19:54:00Z,21,0,0,Pennsylvania,csbs
Lancaster,2020-03-26T19:54:00Z,21,0,0,Pennsylvania,csbs
Butler,2020-03-26T19:54:00Z,19,1,0,Pennsylvania,csbs
Pike,2020-03-26T19:54:00Z,15,0,0,Pennsylvania,csbs
Cumberland,2020-03-26T19:54:00Z,15,0,0,Pennsylvania,csbs
Beaver,2020-03-26T19:54:00Z,13,0,0,Pennsylvania,csbs
Dauphin,2020-03-26T19:54:00Z,13,0,0,Pennsylvania,csbs
Washington,2020-03-26T19:54:00Z,12,0,0,Pennsylvania,csbs
Centre,2020-03-26T19:54:00Z,9,0,0,Pennsylvania,csbs
Schuylkill,2020-03-26T19:54:00Z,9,0,0,Pennsylvania,csbs
Fayette,2020-03-26T19:54:00Z,8,0,0,Pennsylvania,csbs
Adams,2020-03-26T19:54:00Z,7,0,0,Pennsylvania,csbs
Wayne,2020-03-26T19:54:00Z,6,0,0,Pennsylvania,csbs
Erie,2020-03-26T19:54:00Z,5,0,0,Pennsylvania,csbs
Franklin,2020-03-26T19:54:00Z,5,0,0,Pennsylvania,csbs
Lebanon,2020-03-26T19:54:00Z,4,0,0,Pennsylvania,csbs
Montour,2020-03-26T19:54:00Z,4,0,0,Pennsylvania,csbs
Greene,2020-03-26T19:54:00Z,3,0,0,Pennsylvania,csbs
Columbia,2020-03-26T19:54:00Z,3,0,0,Pennsylvania,csbs
Mercer,2020-03-26T19:54:00Z,3,0,0,Pennsylvania,csbs
Bradford,2020-03-26T19:54:00Z,2,0,0,Pennsylvania,csbs
Carbon,2020-03-26T19:54:00Z,2,0,0,Pennsylvania,csbs
Clearfield,2020-03-26T19:54:00Z,2,0,0,Pennsylvania,csbs
Somerset,2020-03-26T19:54:00Z,2,0,0,Pennsylvania,csbs
Potter,2020-03-26T19:54:00Z,1,0,0,Pennsylvania,csbs
Cambria,2020-03-26T19:54:00Z,1,0,0,Pennsylvania,csbs
Armstrong,2020-03-26T19:54:00Z,1,0,0,Pennsylvania,csbs
Juniata,2020-03-26T19:54:00Z,1,0,0,Pennsylvania,csbs
Lawrence,2020-03-26T19:54:00Z,1,0,0,Pennsylvania,csbs
Lycoming,2020-03-26T19:54:00Z,1,0,0,Pennsylvania,csbs
Warren,2020-03-26T19:54:00Z,1,0,0,Pennsylvania,csbs
Blair,2020-03-26T19:54:00Z,1,0,0,Pennsylvania,csbs
Crawford,2020-03-26T19:54:00Z,1,0,0,Pennsylvania,csbs
Susquehanna,2020-03-26T19:54:00Z,1,0,0,Pennsylvania,csbs
Indiana,2020-03-26T19:54:00Z,1,0,0,Pennsylvania,csbs
Fulton,2020-03-26T19:54:00Z,231,2,0,Georgia,csbs
Dougherty,2020-03-26T19:54:00Z,164,6,0,Georgia,csbs
DeKalb,2020-03-26T19:54:00Z,129,0,0,Georgia,csbs
Cobb,2020-03-26T19:54:00Z,119,2,0,Georgia,csbs
Bartow,2020-03-26T19:54:00Z,93,1,0,Georgia,csbs
Gwinnett,2020-03-26T19:54:00Z,79,1,0,Georgia,csbs
Carroll,2020-03-26T19:54:00Z,52,0,0,Georgia,csbs
Cherokee,2020-03-26T19:54:00Z,44,0,0,Georgia,csbs
Clayton,2020-03-26T19:54:00Z,37,0,0,Georgia,csbs
Lee,2020-03-26T19:54:00Z,29,0,0,Georgia,csbs
Henry,2020-03-26T19:54:00Z,29,0,0,Georgia,csbs
Clarke,2020-03-26T19:54:00Z,29,1,0,Georgia,csbs
Hall,2020-03-26T19:54:00Z,22,0,0,Georgia,csbs
Douglas,2020-03-26T19:54:00Z,18,0,0,Georgia,csbs
Floyd,2020-03-26T19:54:00Z,17,1,0,Georgia,csbs
Forsyth,2020-03-26T19:54:00Z,15,0,0,Georgia,csbs
Fayette,2020-03-26T19:54:00Z,14,1,0,Georgia,csbs
Lowndes,2020-03-26T19:54:00Z,14,0,0,Georgia,csbs
Coweta,2020-03-26T19:54:00Z,14,0,0,Georgia,csbs
Rockdale,2020-03-26T19:54:00Z,13,0,0,Georgia,csbs
Newton,2020-03-26T19:54:00Z,12,0,0,Georgia,csbs
Spalding,2020-03-26T19:54:00Z,11,0,0,Georgia,csbs
Polk,2020-03-26T19:54:00Z,10,0,0,Georgia,csbs
Troup,2020-03-26T19:54:00Z,10,0,0,Georgia,csbs
Richmond,2020-03-26T19:54:00Z,10,0,0,Georgia,csbs
Columbia,2020-03-26T19:54:00Z,10,0,0,Georgia,csbs
Mitchell,2020-03-26T19:54:00Z,10,0,0,Georgia,csbs
Gordon,2020-03-26T19:54:00Z,9,0,0,Georgia,csbs
Houston,2020-03-26T19:54:00Z,9,0,0,Georgia,csbs
Chatham,2020-03-26T19:54:00Z,9,0,0,Georgia,csbs
Bibb,2020-03-26T19:54:00Z,8,0,0,Georgia,csbs
Paulding,2020-03-26T19:54:00Z,7,0,0,Georgia,csbs
Oconee,2020-03-26T19:54:00Z,7,0,0,Georgia,csbs
Early,2020-03-26T19:54:00Z,7,1,0,Georgia,csbs
Laurens,2020-03-26T19:54:00Z,7,0,0,Georgia,csbs
Whitfield,2020-03-26T19:54:00Z,5,0,0,Georgia,csbs
Glynn,2020-03-26T19:54:00Z,5,0,0,Georgia,csbs
Peach,2020-03-26T19:54:00Z,5,0,0,Georgia,csbs
Muscogee,2020-03-26T19:54:00Z,5,0,0,Georgia,csbs
Tift,2020-03-26T19:54:00Z,5,0,0,Georgia,csbs
Worth,2020-03-26T19:54:00Z,5,0,0,Georgia,csbs
Sumter,2020-03-26T19:54:00Z,5,0,0,Georgia,csbs
Terrell,2020-03-26T19:54:00Z,5,0,0,Georgia,csbs
Barrow,2020-03-26T19:54:00Z,4,0,0,Georgia,csbs
Pickens,2020-03-26T19:54:00Z,4,0,0,Georgia,csbs
Lumpkin,2020-03-26T19:54:00Z,4,0,0,Georgia,csbs
Colquitt,2020-03-26T19:54:00Z,4,0,0,Georgia,csbs
Crisp,2020-03-26T19:54:00Z,4,0,0,Georgia,csbs
Effingham,2020-03-26T19:54:00Z,3,0,0,Georgia,csbs
Dawson,2020-03-26T19:54:00Z,3,0,0,Georgia,csbs
Lamar,2020-03-26T19:54:00Z,3,0,0,Georgia,csbs
Monroe,2020-03-26T19:54:00Z,3,0,0,Georgia,csbs
Butts,2020-03-26T19:54:00Z,3,0,0,Georgia,csbs
Bryan,2020-03-26T19:54:00Z,3,0,0,Georgia,csbs
Turner,2020-03-26T19:54:00Z,2,0,0,Georgia,csbs
Miller,2020-03-26T19:54:00Z,2,0,0,Georgia,csbs
Baldwin,2020-03-26T19:54:00Z,2,0,0,Georgia,csbs
Twiggs,2020-03-26T19:54:00Z,2,0,0,Georgia,csbs
Coffee,2020-03-26T19:54:00Z,2,0,0,Georgia,csbs
Tattnall,2020-03-26T19:54:00Z,2,0,0,Georgia,csbs
Madison,2020-03-26T19:54:00Z,2,0,0,Georgia,csbs
Washington,2020-03-26T19:54:00Z,2,0,0,Georgia,csbs
Camden,2020-03-26T19:54:00Z,2,0,0,Georgia,csbs
Irwin,2020-03-26T19:54:00Z,2,0,0,Georgia,csbs
Jasper,2020-03-26T19:54:00Z,2,0,0,Georgia,csbs
Seminole,2020-03-26T19:54:00Z,2,0,0,Georgia,csbs
Decatur,2020-03-26T19:54:00Z,2,0,0,Georgia,csbs
Charlton,2020-03-26T19:54:00Z,1,0,0,Georgia,csbs
Heard,2020-03-26T19:54:00Z,1,0,0,Georgia,csbs
Randolph,2020-03-26T19:54:00Z,1,0,0,Georgia,csbs
Clinch,2020-03-26T19:54:00Z,1,0,0,Georgia,csbs
Lincoln,2020-03-26T19:54:00Z,1,0,0,Georgia,csbs
Chattooga,2020-03-26T19:54:00Z,1,0,0,Georgia,csbs
Catoosa,2020-03-26T19:54:00Z,1,0,0,Georgia,csbs
Morgan,2020-03-26T19:54:00Z,1,0,0,Georgia,csbs
Pierce,2020-03-26T19:54:00Z,1,0,0,Georgia,csbs
Liberty,2020-03-26T19:54:00Z,1,0,0,Georgia,csbs
Harris,2020-03-26T19:54:00Z,1,0,0,Georgia,csbs
Burke,2020-03-26T19:54:00Z,1,0,0,Georgia,csbs
Baker,2020-03-26T19:54:00Z,1,0,0,Georgia,csbs
Ben Hill,2020-03-26T19:54:00Z,1,0,0,Georgia,csbs
Greene,2020-03-26T19:54:00Z,1,0,0,Georgia,csbs
Macon,2020-03-26T19:54:00Z,1,0,0,Georgia,csbs
Meriwether,2020-03-26T19:54:00Z,1,0,0,Georgia,csbs
Pulaski,2020-03-26T19:54:00Z,1,0,0,Georgia,csbs
Stephens,2020-03-26T19:54:00Z,1,0,0,Georgia,csbs
Fannin,2020-03-26T19:54:00Z,1,0,0,Georgia,csbs
Dodge,2020-03-26T19:54:00Z,1,0,0,Georgia,csbs
Jackson,2020-03-26T19:54:00Z,1,0,0,Georgia,csbs
Jones,2020-03-26T19:54:00Z,1,0,0,Georgia,csbs
Taylor,2020-03-26T19:54:00Z,1,0,0,Georgia,csbs
Thomas,2020-03-26T19:54:00Z,1,0,0,Georgia,csbs
White,2020-03-26T19:54:00Z,1,0,0,Georgia,csbs
Wilkes,2020-03-26T19:54:00Z,1,0,0,Georgia,csbs
Ware,2020-03-26T19:54:00Z,1,0,0,Georgia,csbs
Long,2020-03-26T19:54:00Z,1,0,0,Georgia,csbs
Toombs,2020-03-26T19:54:00Z,1,0,0,Georgia,csbs
Dallas,2020-03-26T19:54:00Z,303,7,0,Texas,csbs
Harris,2020-03-26T19:54:00Z,203,2,0,Texas,csbs
Travis,2020-03-26T19:54:00Z,119,0,0,Texas,csbs
Tarrant,2020-03-26T19:54:00Z,100,1,0,Texas,csbs
Fort Bend,2020-03-26T19:54:00Z,86,0,0,Texas,csbs
Bexar,2020-03-26T19:54:00Z,84,3,0,Texas,csbs
Denton,2020-03-26T19:54:00Z,83,1,0,Texas,csbs
Collin,2020-03-26T19:54:00Z,66,1,0,Texas,csbs
Montgomery,2020-03-26T19:54:00Z,41,0,0,Texas,csbs
Galveston,2020-03-26T19:54:00Z,40,0,0,Texas,csbs
Brazoria,2020-03-26T19:54:00Z,39,0,0,Texas,csbs
El Paso,2020-03-26T19:54:00Z,28,0,0,Texas,csbs
Brazos,2020-03-26T19:54:00Z,28,0,0,Texas,csbs
McLennan,2020-03-26T19:54:00Z,28,0,0,Texas,csbs
Williamson,2020-03-26T19:54:00Z,27,0,0,Texas,csbs
Smith,2020-03-26T19:54:00Z,21,1,0,Texas,csbs
Bell,2020-03-26T19:54:00Z,20,1,0,Texas,csbs
Lubbock,2020-03-26T19:54:00Z,19,0,0,Texas,csbs
Nueces,2020-03-26T19:54:00Z,14,0,0,Texas,csbs
Hays,2020-03-26T19:54:00Z,11,0,0,Texas,csbs
Webb,2020-03-26T19:54:00Z,11,0,0,Texas,csbs
Wichita,2020-03-26T19:54:00Z,10,0,0,Texas,csbs
Cameron,2020-03-26T19:54:00Z,10,0,0,Texas,csbs
Matagorda,2020-03-26T19:54:00Z,9,1,0,Texas,csbs
Guadalupe,2020-03-26T19:54:00Z,9,0,0,Texas,csbs
Hidalgo,2020-03-26T19:54:00Z,9,0,0,Texas,csbs
Comal,2020-03-26T19:54:00Z,8,0,0,Texas,csbs
Ellis,2020-03-26T19:54:00Z,7,0,0,Texas,csbs
Jefferson,2020-03-26T19:54:00Z,7,1,0,Texas,csbs
Midland,2020-03-26T19:54:00Z,6,1,0,Texas,csbs
Castro,2020-03-26T19:54:00Z,6,0,0,Texas,csbs
Hockley,2020-03-26T19:54:00Z,5,0,0,Texas,csbs
Gregg,2020-03-26T19:54:00Z,4,0,0,Texas,csbs
Johnson,2020-03-26T19:54:00Z,3,0,0,Texas,csbs
Brown,2020-03-26T19:54:00Z,3,0,0,Texas,csbs
Kendall,2020-03-26T19:54:00Z,3,0,0,Texas,csbs
Wharton,2020-03-26T19:54:00Z,3,0,0,Texas,csbs
Walker,2020-03-26T19:54:00Z,3,0,0,Texas,csbs
Potter,2020-03-26T19:54:00Z,3,0,0,Texas,csbs
Terry,2020-03-26T19:54:00Z,3,0,0,Texas,csbs
Victoria,2020-03-26T19:54:00Z,3,0,0,Texas,csbs
Rusk,2020-03-26T19:54:00Z,2,0,0,Texas,csbs
Grimes,2020-03-26T19:54:00Z,2,0,0,Texas,csbs
DeWitt,2020-03-26T19:54:00Z,2,0,0,Texas,csbs
Randall,2020-03-26T19:54:00Z,2,0,0,Texas,csbs
Hardin,2020-03-26T19:54:00Z,2,0,0,Texas,csbs
Milam,2020-03-26T19:54:00Z,2,0,0,Texas,csbs
Deaf Smith,2020-03-26T19:54:00Z,2,0,0,Texas,csbs
Chambers,2020-03-26T19:54:00Z,2,0,0,Texas,csbs
Bastrop,2020-03-26T19:54:00Z,2,0,0,Texas,csbs
Atascosa,2020-03-26T19:54:00Z,2,0,0,Texas,csbs
Parker,2020-03-26T19:54:00Z,2,0,0,Texas,csbs
Grayson,2020-03-26T19:54:00Z,2,0,0,Texas,csbs
Eastland,2020-03-26T19:54:00Z,2,0,0,Texas,csbs
Llano,2020-03-26T19:54:00Z,2,0,0,Texas,csbs
Tom Green,2020-03-26T19:54:00Z,2,0,0,Texas,csbs
Kaufman,2020-03-26T19:54:00Z,2,0,0,Texas,csbs
San Patricio,2020-03-26T19:54:00Z,2,0,0,Texas,csbs
Calhoun,2020-03-26T19:54:00Z,2,0,0,Texas,csbs
Rockwall,2020-03-26T19:54:00Z,2,0,0,Texas,csbs
Lavaca,2020-03-26T19:54:00Z,1,0,0,Texas,csbs
Bowie,2020-03-26T19:54:00Z,1,0,0,Texas,csbs
Fannin,2020-03-26T19:54:00Z,1,0,0,Texas,csbs
Van Zandt,2020-03-26T19:54:00Z,1,0,0,Texas,csbs
Crane,2020-03-26T19:54:00Z,1,0,0,Texas,csbs
Lamar,2020-03-26T19:54:00Z,1,0,0,Texas,csbs
Oldham,2020-03-26T19:54:00Z,1,1,0,Texas,csbs
Fayette,2020-03-26T19:54:00Z,1,0,0,Texas,csbs
Medina,2020-03-26T19:54:00Z,1,0,0,Texas,csbs
Liberty,2020-03-26T19:54:00Z,1,0,0,Texas,csbs
Maverick,2020-03-26T19:54:00Z,1,0,0,Texas,csbs
Burnet,2020-03-26T19:54:00Z,1,0,0,Texas,csbs
Orange,2020-03-26T19:54:00Z,1,0,0,Texas,csbs
Gaines,2020-03-26T19:54:00Z,1,0,0,Texas,csbs
Erath,2020-03-26T19:54:00Z,1,0,0,Texas,csbs
Blanco,2020-03-26T19:54:00Z,1,0,0,Texas,csbs
Falls,2020-03-26T19:54:00Z,1,0,0,Texas,csbs
Robertson,2020-03-26T19:54:00Z,1,0,0,Texas,csbs
Wilson,2020-03-26T19:54:00Z,1,0,0,Texas,csbs
Hunt,2020-03-26T19:54:00Z,1,0,0,Texas,csbs
Hopkins,2020-03-26T19:54:00Z,1,0,0,Texas,csbs
Hale,2020-03-26T19:54:00Z,1,0,0,Texas,csbs
Cass,2020-03-26T19:54:00Z,1,0,0,Texas,csbs
Coryell,2020-03-26T19:54:00Z,1,0,0,Texas,csbs
Limestone,2020-03-26T19:54:00Z,1,0,0,Texas,csbs
Morris,2020-03-26T19:54:00Z,1,0,0,Texas,csbs
Young,2020-03-26T19:54:00Z,1,0,0,Texas,csbs
Reeves,2020-03-26T19:54:00Z,1,0,0,Texas,csbs
Val Verde,2020-03-26T19:54:00Z,1,0,0,Texas,csbs
Nacogdoches,2020-03-26T19:54:00Z,1,0,0,Texas,csbs
Angelina,2020-03-26T19:54:00Z,1,0,0,Texas,csbs
Hood,2020-03-26T19:54:00Z,1,0,0,Texas,csbs
Austin,2020-03-26T19:54:00Z,1,0,0,Texas,csbs
Taylor,2020-03-26T19:54:00Z,1,0,0,Texas,csbs
Swisher,2020-03-26T19:54:00Z,1,0,0,Texas,csbs
Starr,2020-03-26T19:54:00Z,1,0,0,Texas,csbs
Shelby,2020-03-26T19:54:00Z,1,0,0,Texas,csbs
Karnes,2020-03-26T19:54:00Z,1,0,0,Texas,csbs
Martin,2020-03-26T19:54:00Z,1,0,0,Texas,csbs
Harrison,2020-03-26T19:54:00Z,1,0,0,Texas,csbs
Denver,2020-03-26T19:54:00Z,262,3,0,Colorado,csbs
Eagle,2020-03-26T19:54:00Z,147,1,0,Colorado,csbs
El Paso,2020-03-26T19:54:00Z,137,5,0,Colorado,csbs
Jefferson,2020-03-26T19:54:00Z,131,2,0,Colorado,csbs
Arapahoe,2020-03-26T19:54:00Z,119,0,0,Colorado,csbs
Weld,2020-03-26T19:54:00Z,107,4,0,Colorado,csbs
Douglas,2020-03-26T19:54:00Z,67,0,0,Colorado,csbs
Boulder,2020-03-26T19:54:00Z,66,0,0,Colorado,csbs
Larimer,2020-03-26T19:54:00Z,61,1,0,Colorado,csbs
Gunnison,2020-03-26T19:54:00Z,57,1,0,Colorado,csbs
Adams,2020-03-26T19:54:00Z,50,0,0,Colorado,csbs
Pitkin,2020-03-26T19:54:00Z,23,0,0,Colorado,csbs
Garfield,2020-03-26T19:54:00Z,16,0,0,Colorado,csbs
Broomfield,2020-03-26T19:54:00Z,10,0,0,Colorado,csbs
Summit,2020-03-26T19:54:00Z,9,0,0,Colorado,csbs
Routt,2020-03-26T19:54:00Z,9,0,0,Colorado,csbs
Teller,2020-03-26T19:54:00Z,7,1,0,Colorado,csbs
Mesa,2020-03-26T19:54:00Z,6,0,0,Colorado,csbs
Chaffee,2020-03-26T19:54:00Z,5,0,0,Colorado,csbs
La Plata,2020-03-26T19:54:00Z,5,0,0,Colorado,csbs
Montrose,2020-03-26T19:54:00Z,4,0,0,Colorado,csbs
Pueblo,2020-03-26T19:54:00Z,3,0,0,Colorado,csbs
Clear Creek,2020-03-26T19:54:00Z,3,0,0,Colorado,csbs
Morgan,2020-03-26T19:54:00Z,3,0,0,Colorado,csbs
Elbert,2020-03-26T19:54:00Z,3,0,0,Colorado,csbs
Grand,2020-03-26T19:54:00Z,2,0,0,Colorado,csbs
Yuma,2020-03-26T19:54:00Z,2,0,0,Colorado,csbs
Logan,2020-03-26T19:54:00Z,2,0,0,Colorado,csbs
Crowley,2020-03-26T19:54:00Z,1,1,0,Colorado,csbs
Park,2020-03-26T19:54:00Z,1,0,0,Colorado,csbs
Hinsdale,2020-03-26T19:54:00Z,1,0,0,Colorado,csbs
San Miguel,2020-03-26T19:54:00Z,1,0,0,Colorado,csbs
Delta,2020-03-26T19:54:00Z,1,0,0,Colorado,csbs
Fremont,2020-03-26T19:54:00Z,1,0,0,Colorado,csbs
Huerfano,2020-03-26T19:54:00Z,1,0,0,Colorado,csbs
Otero,2020-03-26T19:54:00Z,1,0,0,Colorado,csbs
Kit Carson,2020-03-26T19:54:00Z,1,0,0,Colorado,csbs
Davidson,2020-03-26T19:54:00Z,293,2,0,Tennessee,csbs
Shelby,2020-03-26T19:54:00Z,198,0,0,Tennessee,csbs
Out-of-state,2020-03-26T19:54:00Z,117,0,0,Tennessee,csbs
Williamson,2020-03-26T19:54:00Z,70,0,0,Tennessee,csbs
Sumner,2020-03-26T19:54:00Z,43,0,0,Tennessee,csbs
Hamilton,2020-03-26T19:54:00Z,30,1,0,Tennessee,csbs
Rutherford,2020-03-26T19:54:00Z,27,0,0,Tennessee,csbs
Knox,2020-03-26T19:54:00Z,26,0,0,Tennessee,csbs
Robertson,2020-03-26T19:54:00Z,20,0,0,Tennessee,csbs
Wilson,2020-03-26T19:54:00Z,13,0,0,Tennessee,csbs
Putnam,2020-03-26T19:54:00Z,11,0,0,Tennessee,csbs
Washington,2020-03-26T19:54:00Z,9,0,0,Tennessee,csbs
Greene,2020-03-26T19:54:00Z,8,0,0,Tennessee,csbs
Tipton,2020-03-26T19:54:00Z,8,0,0,Tennessee,csbs
Cheatham,2020-03-26T19:54:00Z,7,0,0,Tennessee,csbs
Dickson,2020-03-26T19:54:00Z,7,0,0,Tennessee,csbs
Maury,2020-03-26T19:54:00Z,7,0,0,Tennessee,csbs
Cumberland,2020-03-26T19:54:00Z,6,0,0,Tennessee,csbs
Montgomery,2020-03-26T19:54:00Z,6,0,0,Tennessee,csbs
Loudon,2020-03-26T19:54:00Z,6,0,0,Tennessee,csbs
Bradley,2020-03-26T19:54:00Z,5,0,0,Tennessee,csbs
Sullivan,2020-03-26T19:54:00Z,4,0,0,Tennessee,csbs
Jefferson,2020-03-26T19:54:00Z,4,0,0,Tennessee,csbs
Blount,2020-03-26T19:54:00Z,4,0,0,Tennessee,csbs
Sevier,2020-03-26T19:54:00Z,3,0,0,Tennessee,csbs
Fayette,2020-03-26T19:54:00Z,3,0,0,Tennessee,csbs
Dyer,2020-03-26T19:54:00Z,3,0,0,Tennessee,csbs
Carroll,2020-03-26T19:54:00Z,3,0,0,Tennessee,csbs
Anderson,2020-03-26T19:54:00Z,3,0,0,Tennessee,csbs
McMinn,2020-03-26T19:54:00Z,3,0,0,Tennessee,csbs
Houston,2020-03-26T19:54:00Z,3,0,0,Tennessee,csbs
Campbell,2020-03-26T19:54:00Z,2,0,0,Tennessee,csbs
Hamblen,2020-03-26T19:54:00Z,2,0,0,Tennessee,csbs
Gibson,2020-03-26T19:54:00Z,2,0,0,Tennessee,csbs
Monroe,2020-03-26T19:54:00Z,2,0,0,Tennessee,csbs
Chester,2020-03-26T19:54:00Z,2,0,0,Tennessee,csbs
Franklin,2020-03-26T19:54:00Z,2,0,0,Tennessee,csbs
Marion,2020-03-26T19:54:00Z,2,0,0,Tennessee,csbs
Claiborne,2020-03-26T19:54:00Z,2,0,0,Tennessee,csbs
Dekalb,2020-03-26T19:54:00Z,2,0,0,Tennessee,csbs
Madison,2020-03-26T19:54:00Z,2,0,0,Tennessee,csbs
Lewis,2020-03-26T19:54:00Z,2,0,0,Tennessee,csbs
Cocke,2020-03-26T19:54:00Z,1,0,0,Tennessee,csbs
Roane,2020-03-26T19:54:00Z,1,0,0,Tennessee,csbs
Scott,2020-03-26T19:54:00Z,1,0,0,Tennessee,csbs
Perry,2020-03-26T19:54:00Z,1,0,0,Tennessee,csbs
Grundy,2020-03-26T19:54:00Z,1,0,0,Tennessee,csbs
Hardin,2020-03-26T19:54:00Z,1,0,0,Tennessee,csbs
Lincoln,2020-03-26T19:54:00Z,1,0,0,Tennessee,csbs
Overton,2020-03-26T19:54:00Z,1,0,0,Tennessee,csbs
Bedford,2020-03-26T19:54:00Z,1,0,0,Tennessee,csbs
Hawkins,2020-03-26T19:54:00Z,1,0,0,Tennessee,csbs
White,2020-03-26T19:54:00Z,1,0,0,Tennessee,csbs
Benton,2020-03-26T19:54:00Z,1,0,0,Tennessee,csbs
Cannon,2020-03-26T19:54:00Z,1,0,0,Tennessee,csbs
Macon,2020-03-26T19:54:00Z,1,0,0,Tennessee,csbs
Meigs,2020-03-26T19:54:00Z,1,0,0,Tennessee,csbs
Fairfield,2020-03-26T19:54:00Z,607,13,0,Connecticut,csbs
New Haven,2020-03-26T19:54:00Z,156,2,0,Connecticut,csbs
Hartford,2020-03-26T19:54:00Z,138,2,0,Connecticut,csbs
Litchfield,2020-03-26T19:54:00Z,44,0,0,Connecticut,csbs
Tolland,2020-03-26T19:54:00Z,33,3,0,Connecticut,csbs
Middlesex,2020-03-26T19:54:00Z,18,1,0,Connecticut,csbs
New London,2020-03-26T19:54:00Z,13,0,0,Connecticut,csbs
Windham,2020-03-26T19:54:00Z,3,0,0,Connecticut,csbs
Cuyahoga,2020-03-26T19:54:00Z,259,2,0,Ohio,csbs
Franklin,2020-03-26T19:54:00Z,109,2,0,Ohio,csbs
Hamilton,2020-03-26T19:54:00Z,53,0,0,Ohio,csbs
Mahoning,2020-03-26T19:54:00Z,51,1,0,Ohio,csbs
Summit,2020-03-26T19:54:00Z,50,0,0,Ohio,csbs
Lorain,2020-03-26T19:54:00Z,44,0,0,Ohio,csbs
Lucas,2020-03-26T19:54:00Z,35,2,0,Ohio,csbs
Medina,2020-03-26T19:54:00Z,24,0,0,Ohio,csbs
Butler,2020-03-26T19:54:00Z,21,0,0,Ohio,csbs
Miami,2020-03-26T19:54:00Z,20,2,0,Ohio,csbs
Lake,2020-03-26T19:54:00Z,19,0,0,Ohio,csbs
Stark,2020-03-26T19:54:00Z,16,2,0,Ohio,csbs
Delaware,2020-03-26T19:54:00Z,15,0,0,Ohio,csbs
Montgomery,2020-03-26T19:54:00Z,14,0,0,Ohio,csbs
Trumbull,2020-03-26T19:54:00Z,12,1,0,Ohio,csbs
Warren,2020-03-26T19:54:00Z,10,0,0,Ohio,csbs
Portage,2020-03-26T19:54:00Z,8,0,0,Ohio,csbs
Geauga,2020-03-26T19:54:00Z,7,0,0,Ohio,csbs
Clermont,2020-03-26T19:54:00Z,6,0,0,Ohio,csbs
Wood,2020-03-26T19:54:00Z,6,0,0,Ohio,csbs
Fairfield,2020-03-26T19:54:00Z,6,0,0,Ohio,csbs
Licking,2020-03-26T19:54:00Z,5,0,0,Ohio,csbs
Columbiana,2020-03-26T19:54:00Z,5,1,0,Ohio,csbs
Coshocton,2020-03-26T19:54:00Z,4,0,0,Ohio,csbs
Richland,2020-03-26T19:54:00Z,4,0,0,Ohio,csbs
Marion,2020-03-26T19:54:00Z,4,0,0,Ohio,csbs
Belmont,2020-03-26T19:54:00Z,3,0,0,Ohio,csbs
Tuscarawas,2020-03-26T19:54:00Z,3,0,0,Ohio,csbs
Huron,2020-03-26T19:54:00Z,3,0,0,Ohio,csbs
Union,2020-03-26T19:54:00Z,3,0,0,Ohio,csbs
Ashtabula,2020-03-26T19:54:00Z,3,0,0,Ohio,csbs
Erie,2020-03-26T19:54:00Z,3,1,0,Ohio,csbs
Madison,2020-03-26T19:54:00Z,3,0,0,Ohio,csbs
Carroll,2020-03-26T19:54:00Z,3,0,0,Ohio,csbs
Greene,2020-03-26T19:54:00Z,3,0,0,Ohio,csbs
Clark,2020-03-26T19:54:00Z,2,0,0,Ohio,csbs
Defiance,2020-03-26T19:54:00Z,2,0,0,Ohio,csbs
Clinton,2020-03-26T19:54:00Z,2,0,0,Ohio,csbs
Hancock,2020-03-26T19:54:00Z,2,0,0,Ohio,csbs
Knox,2020-03-26T19:54:00Z,2,0,0,Ohio,csbs
Logan,2020-03-26T19:54:00Z,2,0,0,Ohio,csbs
Champaign,2020-03-26T19:54:00Z,2,0,0,Ohio,csbs
Pickaway,2020-03-26T19:54:00Z,2,0,0,Ohio,csbs
Wayne,2020-03-26T19:54:00Z,2,0,0,Ohio,csbs
Darke,2020-03-26T19:54:00Z,1,0,0,Ohio,csbs
Ashland,2020-03-26T19:54:00Z,1,0,0,Ohio,csbs
Gallia,2020-03-26T19:54:00Z,1,1,0,Ohio,csbs
Washington,2020-03-26T19:54:00Z,1,0,0,Ohio,csbs
Highland,2020-03-26T19:54:00Z,1,0,0,Ohio,csbs
Sandusky,2020-03-26T19:54:00Z,1,0,0,Ohio,csbs
Crawford,2020-03-26T19:54:00Z,1,0,0,Ohio,csbs
Seneca,2020-03-26T19:54:00Z,1,0,0,Ohio,csbs
Fayette,2020-03-26T19:54:00Z,1,0,0,Ohio,csbs
Lawrence,2020-03-26T19:54:00Z,1,0,0,Ohio,csbs
Mercer,2020-03-26T19:54:00Z,1,0,0,Ohio,csbs
Jefferson,2020-03-26T19:54:00Z,1,0,0,Ohio,csbs
Athens,2020-03-26T19:54:00Z,1,0,0,Ohio,csbs
Muskingum,2020-03-26T19:54:00Z,1,0,0,Ohio,csbs
Shelby,2020-03-26T19:54:00Z,1,0,0,Ohio,csbs
Wyandot,2020-03-26T19:54:00Z,1,0,0,Ohio,csbs
Mecklenburg,2020-03-26T19:54:00Z,204,0,0,North Carolina,csbs
Wake,2020-03-26T19:54:00Z,100,0,0,North Carolina,csbs
Durham,2020-03-26T19:54:00Z,93,0,0,North Carolina,csbs
Union,2020-03-26T19:54:00Z,27,0,0,North Carolina,csbs
Guilford,2020-03-26T19:54:00Z,24,0,0,North Carolina,csbs
Cabarrus,2020-03-26T19:54:00Z,18,2,0,North Carolina,csbs
Forsyth,2020-03-26T19:54:00Z,17,0,0,North Carolina,csbs
Orange,2020-03-26T19:54:00Z,16,0,0,North Carolina,csbs
Buncombe,2020-03-26T19:54:00Z,15,0,0,North Carolina,csbs
New Hanover,2020-03-26T19:54:00Z,14,0,0,North Carolina,csbs
Iredell,2020-03-26T19:54:00Z,13,0,0,North Carolina,csbs
Rowan,2020-03-26T19:54:00Z,12,0,0,North Carolina,csbs
Harnett,2020-03-26T19:54:00Z,11,1,0,North Carolina,csbs
Brunswick,2020-03-26T19:54:00Z,11,0,0,North Carolina,csbs
Gaston,2020-03-26T19:54:00Z,11,0,0,North Carolina,csbs
Chatham,2020-03-26T19:54:00Z,9,0,0,North Carolina,csbs
Johnston,2020-03-26T19:54:00Z,9,0,0,North Carolina,csbs
Catawba,2020-03-26T19:54:00Z,9,0,0,North Carolina,csbs
Pitt,2020-03-26T19:54:00Z,8,0,0,North Carolina,csbs
Cumberland,2020-03-26T19:54:00Z,8,0,0,North Carolina,csbs
Wilson,2020-03-26T19:54:00Z,7,0,0,North Carolina,csbs
Henderson,2020-03-26T19:54:00Z,6,0,0,North Carolina,csbs
Franklin,2020-03-26T19:54:00Z,5,0,0,North Carolina,csbs
Carteret,2020-03-26T19:54:00Z,5,0,0,North Carolina,csbs
Onslow,2020-03-26T19:54:00Z,4,0,0,North Carolina,csbs
Cherokee,2020-03-26T19:54:00Z,4,0,0,North Carolina,csbs
Davidson,2020-03-26T19:54:00Z,4,0,0,North Carolina,csbs
Alamance,2020-03-26T19:54:00Z,4,0,0,North Carolina,csbs
Nash,2020-03-26T19:54:00Z,4,0,0,North Carolina,csbs
Wayne,2020-03-26T19:54:00Z,3,0,0,North Carolina,csbs
Craven,2020-03-26T19:54:00Z,3,0,0,North Carolina,csbs
Watauga,2020-03-26T19:54:00Z,3,0,0,North Carolina,csbs
Moore,2020-03-26T19:54:00Z,3,0,0,North Carolina,csbs
Montgomery,2020-03-26T19:54:00Z,3,0,0,North Carolina,csbs
Randolph,2020-03-26T19:54:00Z,3,0,0,North Carolina,csbs
Hertford,2020-03-26T19:54:00Z,3,0,0,North Carolina,csbs
Northampton,2020-03-26T19:54:00Z,3,0,0,North Carolina,csbs
Bertie,2020-03-26T19:54:00Z,3,0,0,North Carolina,csbs
Lenoir,2020-03-26T19:54:00Z,3,0,0,North Carolina,csbs
Beaufort,2020-03-26T19:54:00Z,3,0,0,North Carolina,csbs
Caldwell,2020-03-26T19:54:00Z,3,0,0,North Carolina,csbs
Hoke,2020-03-26T19:54:00Z,2,0,0,North Carolina,csbs
Lee,2020-03-26T19:54:00Z,2,0,0,North Carolina,csbs
Robeson,2020-03-26T19:54:00Z,2,0,0,North Carolina,csbs
Vance,2020-03-26T19:54:00Z,2,0,0,North Carolina,csbs
Transylvania,2020-03-26T19:54:00Z,2,0,0,North Carolina,csbs
McDowell,2020-03-26T19:54:00Z,2,0,0,North Carolina,csbs
Burke,2020-03-26T19:54:00Z,2,0,0,North Carolina,csbs
Cleveland,2020-03-26T19:54:00Z,2,0,0,North Carolina,csbs
Sampson,2020-03-26T19:54:00Z,1,0,0,North Carolina,csbs
Lincoln,2020-03-26T19:54:00Z,1,0,0,North Carolina,csbs
Pasquotank,2020-03-26T19:54:00Z,1,0,0,North Carolina,csbs
Stanley,2020-03-26T19:54:00Z,1,0,0,North Carolina,csbs
Hyde,2020-03-26T19:54:00Z,1,0,0,North Carolina,csbs
Granville,2020-03-26T19:54:00Z,1,0,0,North Carolina,csbs
Davie,2020-03-26T19:54:00Z,1,0,0,North Carolina,csbs
Scotland,2020-03-26T19:54:00Z,1,0,0,North Carolina,csbs
Jackson,2020-03-26T19:54:00Z,1,0,0,North Carolina,csbs
Duplin,2020-03-26T19:54:00Z,1,0,0,North Carolina,csbs
Person,2020-03-26T19:54:00Z,1,0,0,North Carolina,csbs
Dare,2020-03-26T19:54:00Z,1,0,0,North Carolina,csbs
Surry,2020-03-26T19:54:00Z,1,0,0,North Carolina,csbs
Mitchell,2020-03-26T19:54:00Z,1,0,0,North Carolina,csbs
Milwaukee,2020-03-26T19:54:00Z,347,7,0,Wisconsin,csbs
Dane,2020-03-26T19:54:00Z,134,1,0,Wisconsin,csbs
Waukesha,2020-03-26T19:54:00Z,56,0,0,Wisconsin,csbs
Washington,2020-03-26T19:54:00Z,25,0,0,Wisconsin,csbs
Ozaukee,2020-03-26T19:54:00Z,22,1,0,Wisconsin,csbs
Kenosha,2020-03-26T19:54:00Z,19,0,0,Wisconsin,csbs
Fond du Lac,2020-03-26T19:54:00Z,17,1,0,Wisconsin,csbs
La Crosse,2020-03-26T19:54:00Z,12,0,0,Wisconsin,csbs
Racine,2020-03-26T19:54:00Z,8,0,0,Wisconsin,csbs
Rock,2020-03-26T19:54:00Z,8,0,0,Wisconsin,csbs
Sheboygan,2020-03-26T19:54:00Z,7,0,0,Wisconsin,csbs
Sauk,2020-03-26T19:54:00Z,7,0,0,Wisconsin,csbs
Winnebago,2020-03-26T19:54:00Z,6,0,0,Wisconsin,csbs
Eau Claire,2020-03-26T19:54:00Z,6,0,0,Wisconsin,csbs
Walworth,2020-03-26T19:54:00Z,5,0,0,Wisconsin,csbs
Columbia,2020-03-26T19:54:00Z,5,0,0,Wisconsin,csbs
Jefferson,2020-03-26T19:54:00Z,5,0,0,Wisconsin,csbs
Outagamie,2020-03-26T19:54:00Z,4,0,0,Wisconsin,csbs
Brown,2020-03-26T19:54:00Z,4,0,0,Wisconsin,csbs
St. Croix,2020-03-26T19:54:00Z,4,0,0,Wisconsin,csbs
Douglas,2020-03-26T19:54:00Z,4,0,0,Wisconsin,csbs
Pierce,2020-03-26T19:54:00Z,3,0,0,Wisconsin,csbs
Dodge,2020-03-26T19:54:00Z,3,0,0,Wisconsin,csbs
Iowa,2020-03-26T19:54:00Z,3,0,0,Wisconsin,csbs
Wood,2020-03-26T19:54:00Z,1,0,0,Wisconsin,csbs
Calumet,2020-03-26T19:54:00Z,1,0,0,Wisconsin,csbs
Bayfield,2020-03-26T19:54:00Z,1,0,0,Wisconsin,csbs
Dunn,2020-03-26T19:54:00Z,1,0,0,Wisconsin,csbs
Chippewa,2020-03-26T19:54:00Z,1,0,0,Wisconsin,csbs
Marathon,2020-03-26T19:54:00Z,1,0,0,Wisconsin,csbs
Green,2020-03-26T19:54:00Z,1,0,0,Wisconsin,csbs
Clark,2020-03-26T19:54:00Z,1,0,0,Wisconsin,csbs
Grant,2020-03-26T19:54:00Z,1,0,0,Wisconsin,csbs
Monroe,2020-03-26T19:54:00Z,1,0,0,Wisconsin,csbs
Vilas,2020-03-26T19:54:00Z,1,0,0,Wisconsin,csbs
Portage,2020-03-26T19:54:00Z,1,0,0,Wisconsin,csbs
Waupaca,2020-03-26T19:54:00Z,1,0,0,Wisconsin,csbs
Juneau,2020-03-26T19:54:00Z,1,0,0,Wisconsin,csbs
Marion,2020-03-26T19:54:00Z,293,6,0,Indiana,csbs
Hamilton,2020-03-26T19:54:00Z,40,0,0,Indiana,csbs
Johnson,2020-03-26T19:54:00Z,36,3,0,Indiana,csbs
Lake,2020-03-26T19:54:00Z,31,0,0,Indiana,csbs
Hendricks,2020-03-26T19:54:00Z,21,0,0,Indiana,csbs
St. Joseph,2020-03-26T19:54:00Z,21,0,0,Indiana,csbs
Franklin,2020-03-26T19:54:00Z,13,1,0,Indiana,csbs
Decatur,2020-03-26T19:54:00Z,13,0,0,Indiana,csbs
Ripley,2020-03-26T19:54:00Z,11,0,0,Indiana,csbs
Clark,2020-03-26T19:54:00Z,10,0,0,Indiana,csbs
Hancock,2020-03-26T19:54:00Z,9,1,0,Indiana,csbs
Allen,2020-03-26T19:54:00Z,8,1,0,Indiana,csbs
Boone,2020-03-26T19:54:00Z,7,0,0,Indiana,csbs
Floyd,2020-03-26T19:54:00Z,7,0,0,Indiana,csbs
Tippecanoe,2020-03-26T19:54:00Z,7,0,0,Indiana,csbs
Delaware,2020-03-26T19:54:00Z,7,1,0,Indiana,csbs
Elkhart,2020-03-26T19:54:00Z,7,0,0,Indiana,csbs
Morgan,2020-03-26T19:54:00Z,7,0,0,Indiana,csbs
Howard,2020-03-26T19:54:00Z,6,1,0,Indiana,csbs
Bartholomew,2020-03-26T19:54:00Z,6,0,0,Indiana,csbs
Monroe,2020-03-26T19:54:00Z,6,0,0,Indiana,csbs
Porter,2020-03-26T19:54:00Z,5,0,0,Indiana,csbs
Jennings,2020-03-26T19:54:00Z,4,0,0,Indiana,csbs
Madison,2020-03-26T19:54:00Z,4,0,0,Indiana,csbs
Owen,2020-03-26T19:54:00Z,4,0,0,Indiana,csbs
Vanderburgh,2020-03-26T19:54:00Z,4,0,0,Indiana,csbs
Fayette,2020-03-26T19:54:00Z,3,0,0,Indiana,csbs
Vigo,2020-03-26T19:54:00Z,3,0,0,Indiana,csbs
Grant,2020-03-26T19:54:00Z,3,0,0,Indiana,csbs
Washington,2020-03-26T19:54:00Z,3,0,0,Indiana,csbs
Dearborn,2020-03-26T19:54:00Z,3,0,0,Indiana,csbs
Gibson,2020-03-26T19:54:00Z,3,0,0,Indiana,csbs
Jasper,2020-03-26T19:54:00Z,3,1,0,Indiana,csbs
Warrick,2020-03-26T19:54:00Z,3,0,0,Indiana,csbs
LaPorte,2020-03-26T19:54:00Z,2,0,0,Indiana,csbs
Shelby,2020-03-26T19:54:00Z,2,0,0,Indiana,csbs
Tipton,2020-03-26T19:54:00Z,2,0,0,Indiana,csbs
Putnam,2020-03-26T19:54:00Z,2,1,0,Indiana,csbs
Lawrence,2020-03-26T19:54:00Z,2,0,0,Indiana,csbs
Jackson,2020-03-26T19:54:00Z,2,0,0,Indiana,csbs
Montgomery,2020-03-26T19:54:00Z,2,0,0,Indiana,csbs
Harrison,2020-03-26T19:54:00Z,2,0,0,Indiana,csbs
Noble,2020-03-26T19:54:00Z,1,0,0,Indiana,csbs
Adams,2020-03-26T19:54:00Z,1,0,0,Indiana,csbs
Wells,2020-03-26T19:54:00Z,1,0,0,Indiana,csbs
Scott,2020-03-26T19:54:00Z,1,1,0,Indiana,csbs
Miami,2020-03-26T19:54:00Z,1,0,0,Indiana,csbs
Dubois,2020-03-26T19:54:00Z,1,0,0,Indiana,csbs
Starke,2020-03-26T19:54:00Z,1,0,0,Indiana,csbs
Ohio,2020-03-26T19:54:00Z,1,0,0,Indiana,csbs
Brown,2020-03-26T19:54:00Z,1,0,0,Indiana,csbs
DeKalb,2020-03-26T19:54:00Z,1,0,0,Indiana,csbs
Rush,2020-03-26T19:54:00Z,1,0,0,Indiana,csbs
Sullivan,2020-03-26T19:54:00Z,1,0,0,Indiana,csbs
Marshall,2020-03-26T19:54:00Z,1,0,0,Indiana,csbs
Orange,2020-03-26T19:54:00Z,1,0,0,Indiana,csbs
Warren,2020-03-26T19:54:00Z,1,0,0,Indiana,csbs
Wayne,2020-03-26T19:54:00Z,1,0,0,Indiana,csbs
Fountain,2020-03-26T19:54:00Z,1,0,0,Indiana,csbs
Posey,2020-03-26T19:54:00Z,1,0,0,Indiana,csbs
Montgomery,2020-03-26T19:54:00Z,164,1,0,Maryland,csbs
Prince George's,2020-03-26T19:54:00Z,101,2,0,Maryland,csbs
Baltimore,2020-03-26T19:54:00Z,81,1,0,Maryland,csbs
Baltimore City,2020-03-26T19:54:00Z,72,0,0,Maryland,csbs
Howard,2020-03-26T19:54:00Z,49,0,0,Maryland,csbs
Anne Arundel,2020-03-26T19:54:00Z,41,0,0,Maryland,csbs
Frederick,2020-03-26T19:54:00Z,14,0,0,Maryland,csbs
Charles,2020-03-26T19:54:00Z,10,0,0,Maryland,csbs
Harford,2020-03-26T19:54:00Z,9,0,0,Maryland,csbs
Carroll,2020-03-26T19:54:00Z,7,0,0,Maryland,csbs
Calvert,2020-03-26T19:54:00Z,7,0,0,Maryland,csbs
Wicomico,2020-03-26T19:54:00Z,5,0,0,Maryland,csbs
Washington,2020-03-26T19:54:00Z,4,0,0,Maryland,csbs
St. Mary's,2020-03-26T19:54:00Z,4,0,0,Maryland,csbs
Cecil,2020-03-26T19:54:00Z,4,0,0,Maryland,csbs
Garrett,2020-03-26T19:54:00Z,3,0,0,Maryland,csbs
Worcester,2020-03-26T19:54:00Z,2,0,0,Maryland,csbs
Queen Anne's,2020-03-26T19:54:00Z,2,0,0,Maryland,csbs
Talbot,2020-03-26T19:54:00Z,1,0,0,Maryland,csbs
Caroline,2020-03-26T19:54:00Z,1,0,0,Maryland,csbs
Somerset,2020-03-26T19:54:00Z,1,0,0,Maryland,csbs
Kent,2020-03-26T19:54:00Z,1,0,0,Maryland,csbs
St. Louis,2020-03-26T19:54:00Z,173,2,0,Missouri,csbs
St. Louis City,2020-03-26T19:54:00Z,69,1,0,Missouri,csbs
Kansas City,2020-03-26T19:54:00Z,64,0,0,Missouri,csbs
Boone,2020-03-26T19:54:00Z,37,1,0,Missouri,csbs
Jackson,2020-03-26T19:54:00Z,31,1,0,Missouri,csbs
Greene,2020-03-26T19:54:00Z,25,3,0,Missouri,csbs
St. Charles,2020-03-26T19:54:00Z,24,1,0,Missouri,csbs
Jefferson,2020-03-26T19:54:00Z,10,0,0,Missouri,csbs
TBD,2020-03-26T19:54:00Z,10,0,0,Missouri,csbs
Cass,2020-03-26T19:54:00Z,8,0,0,Missouri,csbs
Cole,2020-03-26T19:54:00Z,8,0,0,Missouri,csbs
Johnson,2020-03-26T19:54:00Z,8,0,0,Missouri,csbs
Platte,2020-03-26T19:54:00Z,5,0,0,Missouri,csbs
Clay,2020-03-26T19:54:00Z,5,0,0,Missouri,csbs
Pulaski,2020-03-26T19:54:00Z,4,0,0,Missouri,csbs
Perry,2020-03-26T19:54:00Z,4,0,0,Missouri,csbs
Franklin,2020-03-26T19:54:00Z,4,0,0,Missouri,csbs
Cape Girardeau,2020-03-26T19:54:00Z,3,0,0,Missouri,csbs
Newton,2020-03-26T19:54:00Z,3,0,0,Missouri,csbs
Dunklin,2020-03-26T19:54:00Z,2,0,0,Missouri,csbs
Jasper,2020-03-26T19:54:00Z,2,0,0,Missouri,csbs
St. Francois,2020-03-26T19:54:00Z,2,0,0,Missouri,csbs
Moniteau,2020-03-26T19:54:00Z,2,0,0,Missouri,csbs
Lafayette,2020-03-26T19:54:00Z,2,0,0,Missouri,csbs
Callaway,2020-03-26T19:54:00Z,2,0,0,Missouri,csbs
Christian,2020-03-26T19:54:00Z,2,0,0,Missouri,csbs
Montgomery,2020-03-26T19:54:00Z,2,0,0,Missouri,csbs
Henry,2020-03-26T19:54:00Z,1,0,0,Missouri,csbs
Scott,2020-03-26T19:54:00Z,1,0,0,Missouri,csbs
Adair,2020-03-26T19:54:00Z,1,0,0,Missouri,csbs
Bates,2020-03-26T19:54:00Z,1,0,0,Missouri,csbs
Camden,2020-03-26T19:54:00Z,1,0,0,Missouri,csbs
Clinton,2020-03-26T19:54:00Z,1,0,0,Missouri,csbs
Taney,2020-03-26T19:54:00Z,1,0,0,Missouri,csbs
Pemiscot,2020-03-26T19:54:00Z,1,0,0,Missouri,csbs
Randolph,2020-03-26T19:54:00Z,1,0,0,Missouri,csbs
Cooper,2020-03-26T19:54:00Z,1,0,0,Missouri,csbs
McDonald,2020-03-26T19:54:00Z,1,0,0,Missouri,csbs
Shelby,2020-03-26T19:54:00Z,1,0,0,Missouri,csbs
Ralls,2020-03-26T19:54:00Z,1,0,0,Missouri,csbs
Bollinger,2020-03-26T19:54:00Z,1,0,0,Missouri,csbs
Carter,2020-03-26T19:54:00Z,1,0,0,Missouri,csbs
Stoddard,2020-03-26T19:54:00Z,1,0,0,Missouri,csbs
Atchison,2020-03-26T19:54:00Z,1,0,0,Missouri,csbs
Benton,2020-03-26T19:54:00Z,1,0,0,Missouri,csbs
Lincoln,2020-03-26T19:54:00Z,1,0,0,Missouri,csbs
Jefferson,2020-03-26T19:54:00Z,159,0,0,Alabama,csbs
Shelby,2020-03-26T19:54:00Z,52,0,0,Alabama,csbs
Lee,2020-03-26T19:54:00Z,47,0,0,Alabama,csbs
Madison,2020-03-26T19:54:00Z,43,0,0,Alabama,csbs
Tuscaloosa,2020-03-26T19:54:00Z,19,0,0,Alabama,csbs
Mobile,2020-03-26T19:54:00Z,18,0,0,Alabama,csbs
Montgomery,2020-03-26T19:54:00Z,17,0,0,Alabama,csbs
Walker,2020-03-26T19:54:00Z,17,0,0,Alabama,csbs
Limestone,2020-03-26T19:54:00Z,13,0,0,Alabama,csbs
Chambers,2020-03-26T19:54:00Z,13,0,0,Alabama,csbs
Elmore,2020-03-26T19:54:00Z,10,0,0,Alabama,csbs
Lauderdale,2020-03-26T19:54:00Z,9,0,0,Alabama,csbs
Morgan,2020-03-26T19:54:00Z,9,0,0,Alabama,csbs
Marion,2020-03-26T19:54:00Z,7,0,0,Alabama,csbs
St. Clair,2020-03-26T19:54:00Z,6,0,0,Alabama,csbs
Cullman,2020-03-26T19:54:00Z,6,0,0,Alabama,csbs
Autauga,2020-03-26T19:54:00Z,6,0,0,Alabama,csbs
Baldwin,2020-03-26T19:54:00Z,5,0,0,Alabama,csbs
Talladega,2020-03-26T19:54:00Z,4,0,0,Alabama,csbs
Jackson,2020-03-26T19:54:00Z,4,1,0,Alabama,csbs
Tallapoosa,2020-03-26T19:54:00Z,4,0,0,Alabama,csbs
Chilton,2020-03-26T19:54:00Z,4,0,0,Alabama,csbs
Etowah,2020-03-26T19:54:00Z,4,0,0,Alabama,csbs
Franklin,2020-03-26T19:54:00Z,3,0,0,Alabama,csbs
Houston,2020-03-26T19:54:00Z,3,0,0,Alabama,csbs
Marshall,2020-03-26T19:54:00Z,3,0,0,Alabama,csbs
Lawrence,2020-03-26T19:54:00Z,3,0,0,Alabama,csbs
Calhoun,2020-03-26T19:54:00Z,2,0,0,Alabama,csbs
Washington,2020-03-26T19:54:00Z,2,0,0,Alabama,csbs
Pike,2020-03-26T19:54:00Z,2,0,0,Alabama,csbs
Blount,2020-03-26T19:54:00Z,2,0,0,Alabama,csbs
Dallas,2020-03-26T19:54:00Z,2,0,0,Alabama,csbs
Wilcox,2020-03-26T19:54:00Z,2,0,0,Alabama,csbs
Coosa,2020-03-26T19:54:00Z,2,0,0,Alabama,csbs
Bullock,2020-03-26T19:54:00Z,2,0,0,Alabama,csbs
Lamar,2020-03-26T19:54:00Z,1,0,0,Alabama,csbs
Pickens,2020-03-26T19:54:00Z,1,0,0,Alabama,csbs
Butler,2020-03-26T19:54:00Z,1,0,0,Alabama,csbs
Cherokee,2020-03-26T19:54:00Z,1,0,0,Alabama,csbs
Clay,2020-03-26T19:54:00Z,1,0,0,Alabama,csbs
Cleburne,2020-03-26T19:54:00Z,1,0,0,Alabama,csbs
Colbert,2020-03-26T19:54:00Z,1,0,0,Alabama,csbs
Russell,2020-03-26T19:54:00Z,1,0,0,Alabama,csbs
Marengo,2020-03-26T19:54:00Z,1,0,0,Alabama,csbs
Lowndes,2020-03-26T19:54:00Z,1,0,0,Alabama,csbs
Coffee,2020-03-26T19:54:00Z,1,0,0,Alabama,csbs
DeKalb,2020-03-26T19:54:00Z,1,0,0,Alabama,csbs
Choctaw,2020-03-26T19:54:00Z,1,0,0,Alabama,csbs
Maricopa,2020-03-26T19:54:00Z,299,2,0,Arizona,csbs
Pima,2020-03-26T19:54:00Z,75,1,0,Arizona,csbs
Navajo,2020-03-26T19:54:00Z,43,0,0,Arizona,csbs
Pinal,2020-03-26T19:54:00Z,35,0,0,Arizona,csbs
Coconino,2020-03-26T19:54:00Z,28,1,0,Arizona,csbs
Apache,2020-03-26T19:54:00Z,9,0,0,Arizona,csbs
Yavapai,2020-03-26T19:54:00Z,5,0,0,Arizona,csbs
Yuma,2020-03-26T19:54:00Z,4,0,0,Arizona,csbs
Graham,2020-03-26T19:54:00Z,2,0,0,Arizona,csbs
Santa Cruz,2020-03-26T19:54:00Z,2,0,0,Arizona,csbs
Cochise,2020-03-26T19:54:00Z,2,0,0,Arizona,csbs
Mohave,2020-03-26T19:54:00Z,2,0,0,Arizona,csbs
La Paz,2020-03-26T19:54:00Z,2,0,0,Arizona,csbs
DeSoto,2020-03-26T19:54:00Z,49,0,0,Mississippi,csbs
Hinds,2020-03-26T19:54:00Z,43,0,0,Mississippi,csbs
Harrison,2020-03-26T19:54:00Z,31,0,0,Mississippi,csbs
Rankin,2020-03-26T19:54:00Z,23,1,0,Mississippi,csbs
Madison,2020-03-26T19:54:00Z,21,0,0,Mississippi,csbs
Coahoma,2020-03-26T19:54:00Z,17,0,0,Mississippi,csbs
Forrest,2020-03-26T19:54:00Z,16,0,0,Mississippi,csbs
Pearl River,2020-03-26T19:54:00Z,16,0,0,Mississippi,csbs
Jackson,2020-03-26T19:54:00Z,16,0,0,Mississippi,csbs
Lee,2020-03-26T19:54:00Z,15,0,0,Mississippi,csbs
Tippah,2020-03-26T19:54:00Z,14,0,0,Mississippi,csbs
Leflore,2020-03-26T19:54:00Z,13,0,0,Mississippi,csbs
Pike,2020-03-26T19:54:00Z,12,0,0,Mississippi,csbs
Lafayette,2020-03-26T19:54:00Z,10,0,0,Mississippi,csbs
Oktibbeha,2020-03-26T19:54:00Z,10,0,0,Mississippi,csbs
Washington,2020-03-26T19:54:00Z,9,0,0,Mississippi,csbs
Copiah,2020-03-26T19:54:00Z,8,0,0,Mississippi,csbs
Wilkinson,2020-03-26T19:54:00Z,8,1,0,Mississippi,csbs
Lowndes,2020-03-26T19:54:00Z,8,0,0,Mississippi,csbs
Holmes,2020-03-26T19:54:00Z,7,1,0,Mississippi,csbs
Marshall,2020-03-26T19:54:00Z,7,0,0,Mississippi,csbs
Attala,2020-03-26T19:54:00Z,7,0,0,Mississippi,csbs
Chickasaw,2020-03-26T19:54:00Z,7,0,0,Mississippi,csbs
Bolivar,2020-03-26T19:54:00Z,6,0,0,Mississippi,csbs
Hancock,2020-03-26T19:54:00Z,6,1,0,Mississippi,csbs
Lincoln,2020-03-26T19:54:00Z,6,0,0,Mississippi,csbs
Tate,2020-03-26T19:54:00Z,6,0,0,Mississippi,csbs
Lawrence,2020-03-26T19:54:00Z,5,0,0,Mississippi,csbs
Tunica,2020-03-26T19:54:00Z,5,1,0,Mississippi,csbs
Walthall,2020-03-26T19:54:00Z,4,0,0,Mississippi,csbs
Leake,2020-03-26T19:54:00Z,4,0,0,Mississippi,csbs
Panola,2020-03-26T19:54:00Z,4,0,0,Mississippi,csbs
Montgomery,2020-03-26T19:54:00Z,4,0,0,Mississippi,csbs
Scott,2020-03-26T19:54:00Z,4,0,0,Mississippi,csbs
Sunflower,2020-03-26T19:54:00Z,4,0,0,Mississippi,csbs
Lamar,2020-03-26T19:54:00Z,4,0,0,Mississippi,csbs
Choctaw,2020-03-26T19:54:00Z,4,0,0,Mississippi,csbs
Monroe,2020-03-26T19:54:00Z,3,0,0,Mississippi,csbs
Winston,2020-03-26T19:54:00Z,3,0,0,Mississippi,csbs
Yazoo,2020-03-26T19:54:00Z,3,0,0,Mississippi,csbs
Adams,2020-03-26T19:54:00Z,3,0,0,Mississippi,csbs
Itawamba,2020-03-26T19:54:00Z,3,0,0,Mississippi,csbs
Pontotoc,2020-03-26T19:54:00Z,3,0,0,Mississippi,csbs
Calhoun,2020-03-26T19:54:00Z,3,0,0,Mississippi,csbs
Lauderdale,2020-03-26T19:54:00Z,3,0,0,Mississippi,csbs
Yalobusha,2020-03-26T19:54:00Z,3,0,0,Mississippi,csbs
Franklin,2020-03-26T19:54:00Z,2,0,0,Mississippi,csbs
Webster,2020-03-26T19:54:00Z,2,1,0,Mississippi,csbs
Grenada,2020-03-26T19:54:00Z,2,0,0,Mississippi,csbs
Union,2020-03-26T19:54:00Z,2,0,0,Mississippi,csbs
Tallahatchie,2020-03-26T19:54:00Z,2,0,0,Mississippi,csbs
Quitman,2020-03-26T19:54:00Z,2,0,0,Mississippi,csbs
Perry,2020-03-26T19:54:00Z,1,0,0,Mississippi,csbs
Jones,2020-03-26T19:54:00Z,1,0,0,Mississippi,csbs
Smith,2020-03-26T19:54:00Z,1,0,0,Mississippi,csbs
Humphreys,2020-03-26T19:54:00Z,1,0,0,Mississippi,csbs
Clay,2020-03-26T19:54:00Z,1,0,0,Mississippi,csbs
George,2020-03-26T19:54:00Z,1,0,0,Mississippi,csbs
Simpson,2020-03-26T19:54:00Z,1,0,0,Mississippi,csbs
Marion,2020-03-26T19:54:00Z,1,0,0,Mississippi,csbs
Newton,2020-03-26T19:54:00Z,1,0,0,Mississippi,csbs
Noxubee,2020-03-26T19:54:00Z,1,0,0,Mississippi,csbs
Amite,2020-03-26T19:54:00Z,1,0,0,Mississippi,csbs
Prentiss,2020-03-26T19:54:00Z,1,0,0,Mississippi,csbs
Benton,2020-03-26T19:54:00Z,1,0,0,Mississippi,csbs
Fairfax,2020-03-26T19:54:00Z,79,1,0,Virginia,csbs
Arlington,2020-03-26T19:54:00Z,54,0,0,Virginia,csbs
James City,2020-03-26T19:54:00Z,49,2,0,Virginia,csbs
Prince William,2020-03-26T19:54:00Z,36,0,0,Virginia,csbs
Loudoun,2020-03-26T19:54:00Z,28,1,0,Virginia,csbs
Virginia Beach,2020-03-26T19:54:00Z,26,1,0,Virginia,csbs
Henrico,2020-03-26T19:54:00Z,21,2,0,Virginia,csbs
Alexandria,2020-03-26T19:54:00Z,14,0,0,Virginia,csbs
Richmond City,2020-03-26T19:54:00Z,14,0,0,Virginia,csbs
Chesterfield,2020-03-26T19:54:00Z,12,0,0,Virginia,csbs
Stafford,2020-03-26T19:54:00Z,11,0,0,Virginia,csbs
Charlottesville,2020-03-26T19:54:00Z,9,0,0,Virginia,csbs
York,2020-03-26T19:54:00Z,9,1,0,Virginia,csbs
Newport News,2020-03-26T19:54:00Z,8,1,0,Virginia,csbs
Norfolk,2020-03-26T19:54:00Z,6,0,0,Virginia,csbs
Albemarle,2020-03-26T19:54:00Z,6,0,0,Virginia,csbs
Williamsburg,2020-03-26T19:54:00Z,5,1,0,Virginia,csbs
Chesapeake,2020-03-26T19:54:00Z,4,0,0,Virginia,csbs
Louisa,2020-03-26T19:54:00Z,4,0,0,Virginia,csbs
Spotsylvania,2020-03-26T19:54:00Z,3,0,0,Virginia,csbs
Harrisonburg,2020-03-26T19:54:00Z,3,0,0,Virginia,csbs
Goochland,2020-03-26T19:54:00Z,3,0,0,Virginia,csbs
Portsmouth City,2020-03-26T19:54:00Z,3,0,0,Virginia,csbs
Mecklenburg,2020-03-26T19:54:00Z,3,0,0,Virginia,csbs
Rockingham,2020-03-26T19:54:00Z,3,0,0,Virginia,csbs
Bedford,2020-03-26T19:54:00Z,3,0,0,Virginia,csbs
Fluvanna,2020-03-26T19:54:00Z,3,0,0,Virginia,csbs
Manassas City,2020-03-26T19:54:00Z,3,0,0,Virginia,csbs
Shenandoah,2020-03-26T19:54:00Z,3,0,0,Virginia,csbs
Hanover,2020-03-26T19:54:00Z,2,0,0,Virginia,csbs
Prince Edward,2020-03-26T19:54:00Z,2,0,0,Virginia,csbs
Gloucester,2020-03-26T19:54:00Z,2,0,0,Virginia,csbs
Accomack,2020-03-26T19:54:00Z,2,0,0,Virginia,csbs
Rockbridge,2020-03-26T19:54:00Z,2,0,0,Virginia,csbs
Isle of Wight,2020-03-26T19:54:00Z,2,0,0,Virginia,csbs
Lee,2020-03-26T19:54:00Z,2,0,0,Virginia,csbs
Danville,2020-03-26T19:54:00Z,2,0,0,Virginia,csbs
Culpeper,2020-03-26T19:54:00Z,2,0,0,Virginia,csbs
Lynchburg,2020-03-26T19:54:00Z,2,0,0,Virginia,csbs
Frederick,2020-03-26T19:54:00Z,2,0,0,Virginia,csbs
Charles City,2020-03-26T19:54:00Z,1,0,0,Virginia,csbs
Botetourt,2020-03-26T19:54:00Z,1,0,0,Virginia,csbs
Suffolk,2020-03-26T19:54:00Z,1,0,0,Virginia,csbs
Franklin,2020-03-26T19:54:00Z,1,0,0,Virginia,csbs
Amherst,2020-03-26T19:54:00Z,1,0,0,Virginia,csbs
Madison,2020-03-26T19:54:00Z,1,0,0,Virginia,csbs
Halifax,2020-03-26T19:54:00Z,1,0,0,Virginia,csbs
Orange,2020-03-26T19:54:00Z,1,0,0,Virginia,csbs
Nelson,2020-03-26T19:54:00Z,1,0,0,Virginia,csbs
Radford,2020-03-26T19:54:00Z,1,0,0,Virginia,csbs
Fredericksburg,2020-03-26T19:54:00Z,1,0,0,Virginia,csbs
Mathews,2020-03-26T19:54:00Z,1,0,0,Virginia,csbs
Nottoway,2020-03-26T19:54:00Z,1,0,0,Virginia,csbs
Roanoke,2020-03-26T19:54:00Z,1,0,0,Virginia,csbs
Fairfax City,2020-03-26T19:54:00Z,1,0,0,Virginia,csbs
Hampton,2020-03-26T19:54:00Z,1,0,0,Virginia,csbs
Warren,2020-03-26T19:54:00Z,1,0,0,Virginia,csbs
Washington,2020-03-26T19:54:00Z,1,0,0,Virginia,csbs
Poquoson,2020-03-26T19:54:00Z,1,0,0,Virginia,csbs
Amelia,2020-03-26T19:54:00Z,1,0,0,Virginia,csbs
Fauquier,2020-03-26T19:54:00Z,1,0,0,Virginia,csbs
Pittsylvania,2020-03-26T19:54:00Z,1,0,0,Virginia,csbs
Kershaw,2020-03-26T19:54:00Z,63,1,0,South Carolina,csbs
Richland,2020-03-26T19:54:00Z,59,0,0,South Carolina,csbs
Charleston,2020-03-26T19:54:00Z,52,1,0,South Carolina,csbs
Greenville,2020-03-26T19:54:00Z,50,0,0,South Carolina,csbs
Beaufort,2020-03-26T19:54:00Z,26,0,0,South Carolina,csbs
Horry,2020-03-26T19:54:00Z,20,1,0,South Carolina,csbs
Anderson,2020-03-26T19:54:00Z,19,0,0,South Carolina,csbs
Lexington,2020-03-26T19:54:00Z,18,1,0,South Carolina,csbs
York,2020-03-26T19:54:00Z,18,0,0,South Carolina,csbs
Sumter,2020-03-26T19:54:00Z,10,2,0,South Carolina,csbs
Spartanburg,2020-03-26T19:54:00Z,9,0,0,South Carolina,csbs
Orangeburg,2020-03-26T19:54:00Z,9,0,0,South Carolina,csbs
Darlington,2020-03-26T19:54:00Z,8,0,0,South Carolina,csbs
Lancaster,2020-03-26T19:54:00Z,6,0,0,South Carolina,csbs
Pickens,2020-03-26T19:54:00Z,6,0,0,South Carolina,csbs
Berkeley,2020-03-26T19:54:00Z,5,0,0,South Carolina,csbs
Florence,2020-03-26T19:54:00Z,5,2,0,South Carolina,csbs
Clarendon,2020-03-26T19:54:00Z,5,1,0,South Carolina,csbs
Dorchester,2020-03-26T19:54:00Z,4,0,0,South Carolina,csbs
Fairfield,2020-03-26T19:54:00Z,3,0,0,South Carolina,csbs
Abbeville,2020-03-26T19:54:00Z,3,0,0,South Carolina,csbs
Chesterfield,2020-03-26T19:54:00Z,3,0,0,South Carolina,csbs
Lee,2020-03-26T19:54:00Z,2,0,0,South Carolina,csbs
Aiken,2020-03-26T19:54:00Z,2,0,0,South Carolina,csbs
Greenwood,2020-03-26T19:54:00Z,2,0,0,South Carolina,csbs
Jasper,2020-03-26T19:54:00Z,2,0,0,South Carolina,csbs
Georgetown,2020-03-26T19:54:00Z,2,0,0,South Carolina,csbs
Oconee,2020-03-26T19:54:00Z,2,0,0,South Carolina,csbs
Calhoun,2020-03-26T19:54:00Z,1,0,0,South Carolina,csbs
Saluda,2020-03-26T19:54:00Z,1,0,0,South Carolina,csbs
Colleton,2020-03-26T19:54:00Z,1,0,0,South Carolina,csbs
Dillon,2020-03-26T19:54:00Z,1,0,0,South Carolina,csbs
Edgefield,2020-03-26T19:54:00Z,1,0,0,South Carolina,csbs
Newberry,2020-03-26T19:54:00Z,1,0,0,South Carolina,csbs
Chester,2020-03-26T19:54:00Z,1,0,0,South Carolina,csbs
Marlboro,2020-03-26T19:54:00Z,1,0,0,South Carolina,csbs
Marion,2020-03-26T19:54:00Z,1,0,0,South Carolina,csbs
Union,2020-03-26T19:54:00Z,1,0,0,South Carolina,csbs
Williamsburg,2020-03-26T19:54:00Z,1,0,0,South Carolina,csbs
Clark,2020-03-26T19:54:00Z,350,6,0,Nevada,csbs
Washoe,2020-03-26T19:54:00Z,57,0,0,Nevada,csbs
Douglas,2020-03-26T19:54:00Z,3,0,0,Nevada,csbs
Carson City,2020-03-26T19:54:00Z,2,0,0,Nevada,csbs
Elko,2020-03-26T19:54:00Z,2,0,0,Nevada,csbs
Nye,2020-03-26T19:54:00Z,1,0,0,Nevada,csbs
Lyon,2020-03-26T19:54:00Z,1,0,0,Nevada,csbs
Salt Lake,2020-03-26T19:54:00Z,178,0,0,Utah,csbs
Summit,2020-03-26T19:54:00Z,95,0,0,Utah,csbs
Davis,2020-03-26T19:54:00Z,39,1,0,Utah,csbs
Utah,2020-03-26T19:54:00Z,24,0,0,Utah,csbs
Wasatch,2020-03-26T19:54:00Z,20,0,0,Utah,csbs
Weber-Morgan,2020-03-26T19:54:00Z,14,0,0,Utah,csbs
Non-Utah resident,2020-03-26T19:54:00Z,14,0,0,Utah,csbs
Southwest Utah,2020-03-26T19:54:00Z,8,0,0,Utah,csbs
Bear River,2020-03-26T19:54:00Z,6,0,0,Utah,csbs
Tooele,2020-03-26T19:54:00Z,4,0,0,Utah,csbs
Hennepin,2020-03-26T19:54:00Z,128,0,0,Minnesota,csbs
Ramsey,2020-03-26T19:54:00Z,32,2,0,Minnesota,csbs
Olmsted,2020-03-26T19:54:00Z,29,0,0,Minnesota,csbs
Dakota,2020-03-26T19:54:00Z,25,0,0,Minnesota,csbs
Washington,2020-03-26T19:54:00Z,15,0,0,Minnesota,csbs
Martin,2020-03-26T19:54:00Z,12,0,0,Minnesota,csbs
Mower,2020-03-26T19:54:00Z,10,0,0,Minnesota,csbs
Carver,2020-03-26T19:54:00Z,8,0,0,Minnesota,csbs
Anoka,2020-03-26T19:54:00Z,8,0,0,Minnesota,csbs
Blue earth,2020-03-26T19:54:00Z,6,0,0,Minnesota,csbs
Scott,2020-03-26T19:54:00Z,6,0,0,Minnesota,csbs
Le Sueur,2020-03-26T19:54:00Z,6,0,0,Minnesota,csbs
Stearns,2020-03-26T19:54:00Z,5,0,0,Minnesota,csbs
Wright,2020-03-26T19:54:00Z,5,0,0,Minnesota,csbs
Dodge,2020-03-26T19:54:00Z,5,0,0,Minnesota,csbs
St. Louis,2020-03-26T19:54:00Z,5,0,0,Minnesota,csbs
Steele,2020-03-26T19:54:00Z,5,0,0,Minnesota,csbs
Clay,2020-03-26T19:54:00Z,4,0,0,Minnesota,csbs
Wabasha,2020-03-26T19:54:00Z,4,0,0,Minnesota,csbs
Winona,2020-03-26T19:54:00Z,4,0,0,Minnesota,csbs
Nicollet,2020-03-26T19:54:00Z,3,0,0,Minnesota,csbs
Filmore,2020-03-26T19:54:00Z,3,0,0,Minnesota,csbs
Waseca,2020-03-26T19:54:00Z,2,0,0,Minnesota,csbs
Rice,2020-03-26T19:54:00Z,2,0,0,Minnesota,csbs
Chisago,2020-03-26T19:54:00Z,2,0,0,Minnesota,csbs
Renville,2020-03-26T19:54:00Z,1,0,0,Minnesota,csbs
Benton,2020-03-26T19:54:00Z,1,0,0,Minnesota,csbs
Jackson,2020-03-26T19:54:00Z,1,0,0,Minnesota,csbs
Cass,2020-03-26T19:54:00Z,1,0,0,Minnesota,csbs
Big Stone,2020-03-26T19:54:00Z,1,0,0,Minnesota,csbs
Lac Qui Parle,2020-03-26T19:54:00Z,1,0,0,Minnesota,csbs
Sherburne,2020-03-26T19:54:00Z,1,0,0,Minnesota,csbs
Goodhue,2020-03-26T19:54:00Z,1,0,0,Minnesota,csbs
Kandiyohi,2020-03-26T19:54:00Z,1,0,0,Minnesota,csbs
Sibley,2020-03-26T19:54:00Z,1,0,0,Minnesota,csbs
Wilkin,2020-03-26T19:54:00Z,1,0,0,Minnesota,csbs
unassign,2020-03-26T19:54:00Z,1,0,0,Minnesota,csbs
Pulaski,2020-03-26T19:54:00Z,83,0,0,Arkansas,csbs
Cleburne,2020-03-26T19:54:00Z,47,1,0,Arkansas,csbs
Faulkner,2020-03-26T19:54:00Z,24,0,0,Arkansas,csbs
Jefferson,2020-03-26T19:54:00Z,23,0,0,Arkansas,csbs
Garland,2020-03-26T19:54:00Z,18,0,0,Arkansas,csbs
Benton,2020-03-26T19:54:00Z,18,0,0,Arkansas,csbs
Clark,2020-03-26T19:54:00Z,15,0,0,Arkansas,csbs
Van Buren,2020-03-26T19:54:00Z,11,0,0,Arkansas,csbs
Washington,2020-03-26T19:54:00Z,10,0,0,Arkansas,csbs
Crittenden,2020-03-26T19:54:00Z,7,0,0,Arkansas,csbs
Lincoln,2020-03-26T19:54:00Z,5,0,0,Arkansas,csbs
Saline,2020-03-26T19:54:00Z,4,0,0,Arkansas,csbs
Bradley,2020-03-26T19:54:00Z,4,0,0,Arkansas,csbs
Craighead,2020-03-26T19:54:00Z,4,0,0,Arkansas,csbs
Grant,2020-03-26T19:54:00Z,3,0,0,Arkansas,csbs
Independence,2020-03-26T19:54:00Z,3,0,0,Arkansas,csbs
Poinsett,2020-03-26T19:54:00Z,3,0,0,Arkansas,csbs
Cleveland,2020-03-26T19:54:00Z,3,0,0,Arkansas,csbs
Desha,2020-03-26T19:54:00Z,2,0,0,Arkansas,csbs
Searcy,2020-03-26T19:54:00Z,2,0,0,Arkansas,csbs
Sebastian,2020-03-26T19:54:00Z,2,0,0,Arkansas,csbs
Pope,2020-03-26T19:54:00Z,1,0,0,Arkansas,csbs
Sevier,2020-03-26T19:54:00Z,1,0,0,Arkansas,csbs
Boone,2020-03-26T19:54:00Z,1,0,0,Arkansas,csbs
Greene,2020-03-26T19:54:00Z,1,0,0,Arkansas,csbs
Polk,2020-03-26T19:54:00Z,1,0,0,Arkansas,csbs
Columbia,2020-03-26T19:54:00Z,1,0,0,Arkansas,csbs
Conway,2020-03-26T19:54:00Z,1,0,0,Arkansas,csbs
Union,2020-03-26T19:54:00Z,1,0,0,Arkansas,csbs
Woodruff,2020-03-26T19:54:00Z,1,0,0,Arkansas,csbs
White,2020-03-26T19:54:00Z,1,0,0,Arkansas,csbs
Stone,2020-03-26T19:54:00Z,1,0,0,Arkansas,csbs
Crawford,2020-03-26T19:54:00Z,1,0,0,Arkansas,csbs
Cross,2020-03-26T19:54:00Z,1,0,0,Arkansas,csbs
Hempstead,2020-03-26T19:54:00Z,1,0,0,Arkansas,csbs
Pike,2020-03-26T19:54:00Z,1,0,0,Arkansas,csbs
Hot Spring,2020-03-26T19:54:00Z,1,0,0,Arkansas,csbs
Drew,2020-03-26T19:54:00Z,1,0,0,Arkansas,csbs
Lawrence,2020-03-26T19:54:00Z,1,0,0,Arkansas,csbs
Lonoke,2020-03-26T19:54:00Z,1,0,0,Arkansas,csbs
Randolph,2020-03-26T19:54:00Z,1,0,0,Arkansas,csbs
Washington,2020-03-26T19:54:00Z,104,3,0,Oregon,csbs
Marion,2020-03-26T19:54:00Z,57,2,0,Oregon,csbs
Multnomah,2020-03-26T19:54:00Z,45,2,0,Oregon,csbs
Linn,2020-03-26T19:54:00Z,26,1,0,Oregon,csbs
Clackamas,2020-03-26T19:54:00Z,21,2,0,Oregon,csbs
Deschutes,2020-03-26T19:54:00Z,15,0,0,Oregon,csbs
Yamhill,2020-03-26T19:54:00Z,7,0,0,Oregon,csbs
Lane,2020-03-26T19:54:00Z,7,1,0,Oregon,csbs
Polk,2020-03-26T19:54:00Z,6,0,0,Oregon,csbs
Benton,2020-03-26T19:54:00Z,6,0,0,Oregon,csbs
Jackson,2020-03-26T19:54:00Z,4,0,0,Oregon,csbs
Josephine,2020-03-26T19:54:00Z,4,0,0,Oregon,csbs
Douglas,2020-03-26T19:54:00Z,3,0,0,Oregon,csbs
Umatilla,2020-03-26T19:54:00Z,2,0,0,Oregon,csbs
Clatsop,2020-03-26T19:54:00Z,2,0,0,Oregon,csbs
Klamath,2020-03-26T19:54:00Z,1,0,0,Oregon,csbs
Grant,2020-03-26T19:54:00Z,1,0,0,Oregon,csbs
Union,2020-03-26T19:54:00Z,1,0,0,Oregon,csbs
Hood River,2020-03-26T19:54:00Z,1,0,0,Oregon,csbs
Lincoln,2020-03-26T19:54:00Z,1,0,0,Oregon,csbs
Tillamook,2020-03-26T19:54:00Z,1,0,0,Oregon,csbs
Wasco,2020-03-26T19:54:00Z,1,0,0,Oregon,csbs
Jefferson,2020-03-26T19:54:00Z,35,2,0,Kentucky,csbs
Fayette,2020-03-26T19:54:00Z,28,1,0,Kentucky,csbs
Daviess,2020-03-26T19:54:00Z,14,0,0,Kentucky,csbs
Harrison,2020-03-26T19:54:00Z,10,0,0,Kentucky,csbs
Kenton,2020-03-26T19:54:00Z,8,0,0,Kentucky,csbs
Warren,2020-03-26T19:54:00Z,5,0,0,Kentucky,csbs
Pulaski,2020-03-26T19:54:00Z,3,0,0,Kentucky,csbs
Montgomery,2020-03-26T19:54:00Z,2,0,0,Kentucky,csbs
Clark,2020-03-26T19:54:00Z,2,0,0,Kentucky,csbs
Bourbon,2020-03-26T19:54:00Z,2,1,0,Kentucky,csbs
Henderson,2020-03-26T19:54:00Z,2,0,0,Kentucky,csbs
Anderson,2020-03-26T19:54:00Z,2,1,0,Kentucky,csbs
Christian,2020-03-26T19:54:00Z,2,0,0,Kentucky,csbs
Franklin,2020-03-26T19:54:00Z,2,0,0,Kentucky,csbs
Hardin,2020-03-26T19:54:00Z,2,0,0,Kentucky,csbs
Breathitt,2020-03-26T19:54:00Z,2,0,0,Kentucky,csbs
Madison,2020-03-26T19:54:00Z,2,0,0,Kentucky,csbs
Muhlenberg,2020-03-26T19:54:00Z,2,0,0,Kentucky,csbs
McCracken,2020-03-26T19:54:00Z,2,0,0,Kentucky,csbs
Nelson,2020-03-26T19:54:00Z,1,0,0,Kentucky,csbs
Lyon,2020-03-26T19:54:00Z,1,0,0,Kentucky,csbs
Calloway,2020-03-26T19:54:00Z,1,0,0,Kentucky,csbs
Oldham,2020-03-26T19:54:00Z,1,0,0,Kentucky,csbs
Jessamine,2020-03-26T19:54:00Z,1,0,0,Kentucky,csbs
Martin,2020-03-26T19:54:00Z,1,0,0,Kentucky,csbs
Menifee,2020-03-26T19:54:00Z,1,0,0,Kentucky,csbs
Spencer,2020-03-26T19:54:00Z,1,0,0,Kentucky,csbs
Northern Kentucky,2020-03-26T19:54:00Z,1,0,0,Kentucky,csbs
Boone,2020-03-26T19:54:00Z,1,0,0,Kentucky,csbs
Campbell,2020-03-26T19:54:00Z,1,0,0,Kentucky,csbs
Laurel,2020-03-26T19:54:00Z,1,0,0,Kentucky,csbs
Logan,2020-03-26T19:54:00Z,1,0,0,Kentucky,csbs
Scott,2020-03-26T19:54:00Z,1,0,0,Kentucky,csbs
Simpson,2020-03-26T19:54:00Z,1,0,0,Kentucky,csbs
Webster,2020-03-26T19:54:00Z,1,0,0,Kentucky,csbs
Allen,2020-03-26T19:54:00Z,1,0,0,Kentucky,csbs
Oklahoma,2020-03-26T19:54:00Z,73,2,0,Oklahoma,csbs
Tulsa,2020-03-26T19:54:00Z,41,1,0,Oklahoma,csbs
Cleveland,2020-03-26T19:54:00Z,39,3,0,Oklahoma,csbs
Kay,2020-03-26T19:54:00Z,11,0,0,Oklahoma,csbs
Pawnee,2020-03-26T19:54:00Z,10,1,0,Oklahoma,csbs
Creek,2020-03-26T19:54:00Z,10,0,0,Oklahoma,csbs
Canadian,2020-03-26T19:54:00Z,6,0,0,Oklahoma,csbs
Wagoner,2020-03-26T19:54:00Z,6,0,0,Oklahoma,csbs
Payne,2020-03-26T19:54:00Z,5,0,0,Oklahoma,csbs
Washington,2020-03-26T19:54:00Z,5,0,0,Oklahoma,csbs
Muskogee,2020-03-26T19:54:00Z,4,0,0,Oklahoma,csbs
Custer,2020-03-26T19:54:00Z,3,0,0,Oklahoma,csbs
Logan,2020-03-26T19:54:00Z,3,0,0,Oklahoma,csbs
Osage,2020-03-26T19:54:00Z,3,0,0,Oklahoma,csbs
Comanche,2020-03-26T19:54:00Z,3,0,0,Oklahoma,csbs
Grady,2020-03-26T19:54:00Z,2,0,0,Oklahoma,csbs
McClain,2020-03-26T19:54:00Z,2,0,0,Oklahoma,csbs
Garvin,2020-03-26T19:54:00Z,2,0,0,Oklahoma,csbs
Noble,2020-03-26T19:54:00Z,2,0,0,Oklahoma,csbs
Mayes,2020-03-26T19:54:00Z,2,0,0,Oklahoma,csbs
Adair,2020-03-26T19:54:00Z,2,0,0,Oklahoma,csbs
Pottawatomie,2020-03-26T19:54:00Z,2,0,0,Oklahoma,csbs
Okmulgee,2020-03-26T19:54:00Z,2,0,0,Oklahoma,csbs
Jackson,2020-03-26T19:54:00Z,1,0,0,Oklahoma,csbs
Pontotoc,2020-03-26T19:54:00Z,1,0,0,Oklahoma,csbs
Bryan,2020-03-26T19:54:00Z,1,0,0,Oklahoma,csbs
Carter,2020-03-26T19:54:00Z,1,0,0,Oklahoma,csbs
Delaware,2020-03-26T19:54:00Z,1,0,0,Oklahoma,csbs
Stephens,2020-03-26T19:54:00Z,1,0,0,Oklahoma,csbs
Craig,2020-03-26T19:54:00Z,1,0,0,Oklahoma,csbs
Lincoln,2020-03-26T19:54:00Z,1,0,0,Oklahoma,csbs
Ottawa,2020-03-26T19:54:00Z,1,0,0,Oklahoma,csbs
Sequoyah,2020-03-26T19:54:00Z,1,0,0,Oklahoma,csbs
District of Columbia,2020-03-26T19:54:00Z,231,3,0,District of Columbia,csbs
Johnson,2020-03-26T19:54:00Z,49,0,0,Iowa,csbs
Polk,2020-03-26T19:54:00Z,24,0,0,Iowa,csbs
Linn,2020-03-26T19:54:00Z,12,0,0,Iowa,csbs
Washington,2020-03-26T19:54:00Z,8,0,0,Iowa,csbs
Dallas,2020-03-26T19:54:00Z,7,0,0,Iowa,csbs
Allamakee,2020-03-26T19:54:00Z,7,0,0,Iowa,csbs
Scott,2020-03-26T19:54:00Z,7,0,0,Iowa,csbs
Muscatine,2020-03-26T19:54:00Z,6,0,0,Iowa,csbs
Dubuque,2020-03-26T19:54:00Z,6,1,0,Iowa,csbs
Black Hawk,2020-03-26T19:54:00Z,5,0,0,Iowa,csbs
Tama,2020-03-26T19:54:00Z,4,0,0,Iowa,csbs
Poweshiek,2020-03-26T19:54:00Z,4,0,0,Iowa,csbs
Cedar,2020-03-26T19:54:00Z,4,0,0,Iowa,csbs
Pottawattamie,2020-03-26T19:54:00Z,3,0,0,Iowa,csbs
Harrison,2020-03-26T19:54:00Z,3,0,0,Iowa,csbs
Hancock,2020-03-26T19:54:00Z,3,0,0,Iowa,csbs
Story,2020-03-26T19:54:00Z,2,0,0,Iowa,csbs
Woodbury,2020-03-26T19:54:00Z,2,0,0,Iowa,csbs
Cerro Gordo,2020-03-26T19:54:00Z,2,0,0,Iowa,csbs
Sioux,2020-03-26T19:54:00Z,2,0,0,Iowa,csbs
Jasper,2020-03-26T19:54:00Z,2,0,0,Iowa,csbs
Benton,2020-03-26T19:54:00Z,2,0,0,Iowa,csbs
Carroll,2020-03-26T19:54:00Z,1,0,0,Iowa,csbs
Adair,2020-03-26T19:54:00Z,1,0,0,Iowa,csbs
Winneshiek,2020-03-26T19:54:00Z,1,0,0,Iowa,csbs
Fayette,2020-03-26T19:54:00Z,1,0,0,Iowa,csbs
Henry,2020-03-26T19:54:00Z,1,0,0,Iowa,csbs
Kossuth,2020-03-26T19:54:00Z,1,0,0,Iowa,csbs
Wapello,2020-03-26T19:54:00Z,1,0,0,Iowa,csbs
Buchanan,2020-03-26T19:54:00Z,1,0,0,Iowa,csbs
Warren,2020-03-26T19:54:00Z,1,0,0,Iowa,csbs
Des Moines,2020-03-26T19:54:00Z,1,0,0,Iowa,csbs
Page,2020-03-26T19:54:00Z,1,0,0,Iowa,csbs
Appanoose,2020-03-26T19:54:00Z,1,0,0,Iowa,csbs
Clayton,2020-03-26T19:54:00Z,1,0,0,Iowa,csbs
Mahaska,2020-03-26T19:54:00Z,1,0,0,Iowa,csbs
Monona,2020-03-26T19:54:00Z,1,0,0,Iowa,csbs
Johnson,2020-03-26T19:54:00Z,59,1,0,Kansas,csbs
Wyandotte,2020-03-26T19:54:00Z,34,2,0,Kansas,csbs
Sedgwick,2020-03-26T19:54:00Z,16,0,0,Kansas,csbs
Douglas,2020-03-26T19:54:00Z,13,0,0,Kansas,csbs
Leavenworth,2020-03-26T19:54:00Z,12,0,0,Kansas,csbs
Linn,2020-03-26T19:54:00Z,4,0,0,Kansas,csbs
Reno,2020-03-26T19:54:00Z,4,0,0,Kansas,csbs
Lyon,2020-03-26T19:54:00Z,4,0,0,Kansas,csbs
Shawnee,2020-03-26T19:54:00Z,4,0,0,Kansas,csbs
Butler,2020-03-26T19:54:00Z,3,0,0,Kansas,csbs
Crawford,2020-03-26T19:54:00Z,3,0,0,Kansas,csbs
Cherokee,2020-03-26T19:54:00Z,2,0,0,Kansas,csbs
Morris,2020-03-26T19:54:00Z,2,0,0,Kansas,csbs
Mitchell,2020-03-26T19:54:00Z,2,0,0,Kansas,csbs
Franklin,2020-03-26T19:54:00Z,1,0,0,Kansas,csbs
Jackson,2020-03-26T19:54:00Z,1,0,0,Kansas,csbs
Bourbon,2020-03-26T19:54:00Z,1,0,0,Kansas,csbs
Pottawatomie,2020-03-26T19:54:00Z,1,0,0,Kansas,csbs
Doniphan,2020-03-26T19:54:00Z,1,0,0,Kansas,csbs
Woodson,2020-03-26T19:54:00Z,1,0,0,Kansas,csbs
Neosho,2020-03-26T19:54:00Z,1,0,0,Kansas,csbs
Jefferson,2020-03-26T19:54:00Z,1,0,0,Kansas,csbs
Riley,2020-03-26T19:54:00Z,1,0,0,Kansas,csbs
Sumner,2020-03-26T19:54:00Z,1,0,0,Kansas,csbs
Providence,2020-03-26T19:54:00Z,91,0,0,Rhode Island,csbs
Washington,2020-03-26T19:54:00Z,14,0,0,Rhode Island,csbs
Newport,2020-03-26T19:54:00Z,12,0,0,Rhode Island,csbs
Kent,2020-03-26T19:54:00Z,9,0,0,Rhode Island,csbs
Bristol,2020-03-26T19:54:00Z,6,0,0,Rhode Island,csbs
Chittenden,2020-03-26T19:54:00Z,75,4,0,Vermont,csbs
Windsor,2020-03-26T19:54:00Z,17,1,0,Vermont,csbs
Addison,2020-03-26T19:54:00Z,12,0,0,Vermont,csbs
Bennington,2020-03-26T19:54:00Z,11,0,0,Vermont,csbs
Washington,2020-03-26T19:54:00Z,7,0,0,Vermont,csbs
Windham,2020-03-26T19:54:00Z,7,0,0,Vermont,csbs
Rutland,2020-03-26T19:54:00Z,5,0,0,Vermont,csbs
Lamoille,2020-03-26T19:54:00Z,5,0,0,Vermont,csbs
Franklin,2020-03-26T19:54:00Z,4,0,0,Vermont,csbs
Orange,2020-03-26T19:54:00Z,3,0,0,Vermont,csbs
Orleans,2020-03-26T19:54:00Z,3,0,0,Vermont,csbs
Caledonia,2020-03-26T19:54:00Z,1,0,0,Vermont,csbs
Cumberland,2020-03-26T19:54:00Z,90,0,0,Maine,csbs
York,2020-03-26T19:54:00Z,27,0,0,Maine,csbs
Oxford,2020-03-26T19:54:00Z,8,0,0,Maine,csbs
Kennebec,2020-03-26T19:54:00Z,6,0,0,Maine,csbs
Androscoggin,2020-03-26T19:54:00Z,5,0,0,Maine,csbs
Lincoln,2020-03-26T19:54:00Z,5,0,0,Maine,csbs
Penobscot,2020-03-26T19:54:00Z,5,0,0,Maine,csbs
Sagadahoc,2020-03-26T19:54:00Z,4,0,0,Maine,csbs
Waldo,2020-03-26T19:54:00Z,2,0,0,Maine,csbs
Knox,2020-03-26T19:54:00Z,1,0,0,Maine,csbs
Franklin,2020-03-26T19:54:00Z,1,0,0,Maine,csbs
Blaine,2020-03-26T19:54:00Z,66,2,0,Idaho,csbs
Ada,2020-03-26T19:54:00Z,39,0,0,Idaho,csbs
Canyon,2020-03-26T19:54:00Z,13,1,0,Idaho,csbs
Kootenai,2020-03-26T19:54:00Z,9,0,0,Idaho,csbs
Bannock,2020-03-26T19:54:00Z,3,0,0,Idaho,csbs
Teton,2020-03-26T19:54:00Z,2,0,0,Idaho,csbs
Madison,2020-03-26T19:54:00Z,2,0,0,Idaho,csbs
Bingham,2020-03-26T19:54:00Z,2,0,0,Idaho,csbs
Jefferson,2020-03-26T19:54:00Z,2,0,0,Idaho,csbs
Twin Falls,2020-03-26T19:54:00Z,1,0,0,Idaho,csbs
Valley,2020-03-26T19:54:00Z,1,0,0,Idaho,csbs
Cassia,2020-03-26T19:54:00Z,1,0,0,Idaho,csbs
Nez Perce,2020-03-26T19:54:00Z,1,0,0,Idaho,csbs
Payette,2020-03-26T19:54:00Z,1,0,0,Idaho,csbs
Fremont,2020-03-26T19:54:00Z,1,0,0,Idaho,csbs
Idaho,2020-03-26T19:54:00Z,1,0,0,Idaho,csbs
Custer,2020-03-26T19:54:00Z,1,0,0,Idaho,csbs
Rockingham,2020-03-26T19:54:00Z,56,0,0,New Hampshire,csbs
Hillsborough,2020-03-26T19:54:00Z,30,1,0,New Hampshire,csbs
Grafton,2020-03-26T19:54:00Z,22,0,0,New Hampshire,csbs
Belknap,2020-03-26T19:54:00Z,8,0,0,New Hampshire,csbs
Carroll,2020-03-26T19:54:00Z,7,0,0,New Hampshire,csbs
Strafford,2020-03-26T19:54:00Z,7,0,0,New Hampshire,csbs
Merrimack,2020-03-26T19:54:00Z,5,0,0,New Hampshire,csbs
Cheshire,2020-03-26T19:54:00Z,1,0,0,New Hampshire,csbs
Sullivan,2020-03-26T19:54:00Z,1,0,0,New Hampshire,csbs
New Castle,2020-03-26T19:54:00Z,86,0,0,Delaware,csbs
Sussex,2020-03-26T19:54:00Z,27,1,0,Delaware,csbs
Kent,2020-03-26T19:54:00Z,17,0,0,Delaware,csbs
Bernalillo,2020-03-26T19:54:00Z,48,0,0,New Mexico,csbs
Santa Fe,2020-03-26T19:54:00Z,17,0,0,New Mexico,csbs
Dona Ana,2020-03-26T19:54:00Z,13,0,0,New Mexico,csbs
Sandoval,2020-03-26T19:54:00Z,8,0,0,New Mexico,csbs
San Juan,2020-03-26T19:54:00Z,8,0,0,New Mexico,csbs
Chaves,2020-03-26T19:54:00Z,4,0,0,New Mexico,csbs
Taos,2020-03-26T19:54:00Z,3,0,0,New Mexico,csbs
McKinley,2020-03-26T19:54:00Z,3,0,0,New Mexico,csbs
Socorro,2020-03-26T19:54:00Z,2,0,0,New Mexico,csbs
Rio Arriba,2020-03-26T19:54:00Z,2,0,0,New Mexico,csbs
San Miguel,2020-03-26T19:54:00Z,1,0,0,New Mexico,csbs
Lea,2020-03-26T19:54:00Z,1,0,0,New Mexico,csbs
Cibola,2020-03-26T19:54:00Z,1,0,0,New Mexico,csbs
Curry,2020-03-26T19:54:00Z,1,0,0,New Mexico,csbs
Eddy,2020-03-26T19:54:00Z,1,1,0,New Mexico,csbs
Honolulu,2020-03-26T19:54:00Z,68,0,0,Hawaii,csbs
Maui,2020-03-26T19:54:00Z,13,0,0,Hawaii,csbs
Hawaii,2020-03-26T19:54:00Z,4,0,0,Hawaii,csbs
Kauai,2020-03-26T19:54:00Z,2,0,0,Hawaii,csbs
Gallatin,2020-03-26T19:54:00Z,38,0,0,Montana,csbs
Yellowstone,2020-03-26T19:54:00Z,14,0,0,Montana,csbs
Missoula,2020-03-26T19:54:00Z,7,0,0,Montana,csbs
Silver Bow,2020-03-26T19:54:00Z,5,0,0,Montana,csbs
Lewis and Clark,2020-03-26T19:54:00Z,5,0,0,Montana,csbs
Flathead,2020-03-26T19:54:00Z,5,0,0,Montana,csbs
Cascade,2020-03-26T19:54:00Z,5,0,0,Montana,csbs
Broadwater,2020-03-26T19:54:00Z,2,0,0,Montana,csbs
Madison,2020-03-26T19:54:00Z,2,0,0,Montana,csbs
Roosevelt,2020-03-26T19:54:00Z,1,0,0,Montana,csbs
Ravalli,2020-03-26T19:54:00Z,1,0,0,Montana,csbs
Jefferson,2020-03-26T19:54:00Z,1,0,0,Montana,csbs
Hill,2020-03-26T19:54:00Z,1,0,0,Montana,csbs
Lincoln,2020-03-26T19:54:00Z,1,0,0,Montana,csbs
Douglas,2020-03-26T19:54:00Z,44,0,0,Nebraska,csbs
Sarpy,2020-03-26T19:54:00Z,8,0,0,Nebraska,csbs
Washington,2020-03-26T19:54:00Z,4,0,0,Nebraska,csbs
Lincoln,2020-03-26T19:54:00Z,3,0,0,Nebraska,csbs
Lancaster,2020-03-26T19:54:00Z,3,0,0,Nebraska,csbs
Knox,2020-03-26T19:54:00Z,2,0,0,Nebraska,csbs
Cass,2020-03-26T19:54:00Z,2,0,0,Nebraska,csbs
Buffalo,2020-03-26T19:54:00Z,2,0,0,Nebraska,csbs
Saunders,2020-03-26T19:54:00Z,2,0,0,Nebraska,csbs
Adams,2020-03-26T19:54:00Z,1,0,0,Nebraska,csbs
Nemaha,2020-03-26T19:54:00Z,1,0,0,Nebraska,csbs
Gage,2020-03-26T19:54:00Z,1,0,0,Nebraska,csbs
Madison,2020-03-26T19:54:00Z,1,0,0,Nebraska,csbs
Puerto Rico,2020-03-26T19:54:00Z,64,2,0,Puerto Rico,csbs
Anchorage,2020-03-26T19:54:00Z,28,0,0,Alaska,csbs
Fairbanks North Star,2020-03-26T19:54:00Z,11,0,0,Alaska,csbs
Ketchikan Gateway,2020-03-26T19:54:00Z,11,0,0,Alaska,csbs
Sterling,2020-03-26T19:54:00Z,2,0,0,Alaska,csbs
Juneau,2020-03-26T19:54:00Z,2,0,0,Alaska,csbs
Palmer,2020-03-26T19:54:00Z,2,0,0,Alaska,csbs
Seward,2020-03-26T19:54:00Z,1,0,0,Alaska,csbs
Soldotna,2020-03-26T19:54:00Z,1,0,0,Alaska,csbs
Homer,2020-03-26T19:54:00Z,1,0,0,Alaska,csbs
Fremont,2020-03-26T19:54:00Z,14,0,0,Wyoming,csbs
Laramie,2020-03-26T19:54:00Z,14,0,0,Wyoming,csbs
Teton,2020-03-26T19:54:00Z,7,0,0,Wyoming,csbs
Natrona,2020-03-26T19:54:00Z,6,0,0,Wyoming,csbs
Sheridan,2020-03-26T19:54:00Z,4,0,0,Wyoming,csbs
Carbon,2020-03-26T19:54:00Z,3,0,0,Wyoming,csbs
Park,2020-03-26T19:54:00Z,1,0,0,Wyoming,csbs
Campbell,2020-03-26T19:54:00Z,1,0,0,Wyoming,csbs
Sweetwater,2020-03-26T19:54:00Z,1,0,0,Wyoming,csbs
Albany,2020-03-26T19:54:00Z,1,0,0,Wyoming,csbs
Johnson,2020-03-26T19:54:00Z,1,0,0,Wyoming,csbs
Burleigh,2020-03-26T19:54:00Z,22,0,0,North Dakota,csbs
Morton,2020-03-26T19:54:00Z,8,0,0,North Dakota,csbs
Cass,2020-03-26T19:54:00Z,6,0,0,North Dakota,csbs
Ward,2020-03-26T19:54:00Z,3,0,0,North Dakota,csbs
Ramsey,2020-03-26T19:54:00Z,3,0,0,North Dakota,csbs
Stark,2020-03-26T19:54:00Z,3,0,0,North Dakota,csbs
Pierce,2020-03-26T19:54:00Z,2,0,0,North Dakota,csbs
Dunn,2020-03-26T19:54:00Z,1,0,0,North Dakota,csbs
Walsh,2020-03-26T19:54:00Z,1,0,0,North Dakota,csbs
Foster,2020-03-26T19:54:00Z,1,0,0,North Dakota,csbs
McHenry,2020-03-26T19:54:00Z,1,0,0,North Dakota,csbs
Mclntosh,2020-03-26T19:54:00Z,1,0,0,North Dakota,csbs
Monongalia,2020-03-26T19:54:00Z,18,0,0,West Virginia,csbs
Kanawha,2020-03-26T19:54:00Z,5,0,0,West Virginia,csbs
Jackson,2020-03-26T19:54:00Z,4,0,0,West Virginia,csbs
Jefferson,2020-03-26T19:54:00Z,3,0,0,West Virginia,csbs
Harrison,2020-03-26T19:54:00Z,3,0,0,West Virginia,csbs
Mercer,2020-03-26T19:54:00Z,2,0,0,West Virginia,csbs
Tucker,2020-03-26T19:54:00Z,2,0,0,West Virginia,csbs
Marshall,2020-03-26T19:54:00Z,2,0,0,West Virginia,csbs
Putnam,2020-03-26T19:54:00Z,2,0,0,West Virginia,csbs
Berkeley,2020-03-26T19:54:00Z,2,0,0,West Virginia,csbs
Preston,2020-03-26T19:54:00Z,2,0,0,West Virginia,csbs
Ohio,2020-03-26T19:54:00Z,2,0,0,West Virginia,csbs
Wood,2020-03-26T19:54:00Z,1,0,0,West Virginia,csbs
Hancock,2020-03-26T19:54:00Z,1,0,0,West Virginia,csbs
Logan,2020-03-26T19:54:00Z,1,0,0,West Virginia,csbs
Marion,2020-03-26T19:54:00Z,1,0,0,West Virginia,csbs
Raleigh,2020-03-26T19:54:00Z,1,0,0,West Virginia,csbs
Minnehaha,2020-03-26T19:54:00Z,16,0,0,South Dakota,csbs
Beadle,2020-03-26T19:54:00Z,14,0,0,South Dakota,csbs
Davison,2020-03-26T19:54:00Z,2,0,0,South Dakota,csbs
McCook,2020-03-26T19:54:00Z,2,0,0,South Dakota,csbs
Brown,2020-03-26T19:54:00Z,2,0,0,South Dakota,csbs
Lincoln,2020-03-26T19:54:00Z,2,0,0,South Dakota,csbs
Pennington,2020-03-26T19:54:00Z,1,1,0,South Dakota,csbs
Charles Mix,2020-03-26T19:54:00Z,1,0,0,South Dakota,csbs
Bon Homme,2020-03-26T19:54:00Z,1,0,0,South Dakota,csbs
Codington,2020-03-26T19:54:00Z,1,0,0,South Dakota,csbs
Hughes,2020-03-26T19:54:00Z,1,0,0,South Dakota,csbs
Lyman,2020-03-26T19:54:00Z,1,0,0,South Dakota,csbs
Brookings,2020-03-26T19:54:00Z,1,0,0,South Dakota,csbs
Meade,2020-03-26T19:54:00Z,1,0,0,South Dakota,csbs
Guam,2020-03-26T19:54:00Z,45,1,0,Guam,csbs
Rio Grande,2020-03-26T19:54:00Z,2,0,0,Colorado,csbs
Washington,2020-03-26T19:54:00Z,1,0,0,Colorado,csbs
Polk,2020-03-26T19:54:00Z,1,0,0,North Carolina,csbs
Meagher,2020-03-26T19:54:00Z,1,0,0,Montana,csbs
Toole,2020-03-26T19:54:00Z,1,0,0,Montana,csbs
